"seurat_clusters","Ratio","Value"
"0","PERK/IRE1",2.08804177200319
"0","PERK/ATF6",0.675986884635462
"0","IRE1/ATF6",0.323742031265469
"0","PERK/IRE1",1.81760866401065
"0","PERK/ATF6",0.638630401870461
"0","IRE1/ATF6",0.351357481131988
"0","PERK/IRE1",1.50275838131574
"0","PERK/ATF6",0.796701819126248
"0","IRE1/ATF6",0.530159624482478
"1","PERK/IRE1",0.354590273031616
"1","PERK/ATF6",0.285815690997793
"1","IRE1/ATF6",0.806044927725102
"0","IRE1/ATF6",1.23009276092477
"0","PERK/ATF6",1.10224806349614
"0","PERK/IRE1",0.0108451779666742
"0","PERK/IRE1",0.402015678232698
"0","IRE1/ATF6",0.440941892802867
"0","IRE1/ATF6",0.618463636509527
"0","IRE1/ATF6",0.513336116782509
"0","PERK/IRE1",2.39503593857397
"0","PERK/ATF6",1.00078257105679
"0","IRE1/ATF6",0.417857016230276
"0","IRE1/ATF6",0.298555481169821
"0","PERK/ATF6",0.783042164515274
"0","PERK/IRE1",0.314793786507022
"0","PERK/ATF6",0.205048406116631
"0","IRE1/ATF6",0.651373740224879
"0","PERK/IRE1",1.43404455172175
"0","PERK/ATF6",0.964569829398104
"0","IRE1/ATF6",0.672621940678213
"0","IRE1/ATF6",0.307578648745798
"0","IRE1/ATF6",0.280966211137192
"0","PERK/IRE1",0.204744562173528
"0","PERK/ATF6",0.141790832072109
"0","IRE1/ATF6",0.692525508696715
"0","IRE1/ATF6",1.1011091615438
"0","PERK/ATF6",0.693191082532859
"0","PERK/IRE1",0.177360475813344
"1","PERK/IRE1",6.06404604791013
"1","PERK/ATF6",0.579914415730097
"1","IRE1/ATF6",0.0956315983006024
"0","PERK/IRE1",0.00435833985508925
"0","PERK/ATF6",0.00133960548057665
"0","IRE1/ATF6",0.30736599831984
"0","PERK/IRE1",14.0838313209258
"0","IRE1/ATF6",0.969498172642806
"4","PERK/IRE1",2.78108643251379
"4","PERK/ATF6",2.31188912785603
"4","IRE1/ATF6",0.831289923544859
"0","PERK/IRE1",6.45227357008436
"0","PERK/ATF6",0.607203936260016
"0","IRE1/ATF6",0.0941069732497527
"0","IRE1/ATF6",0.664588132023342
"0","PERK/ATF6",1.46802645557167
"0","IRE1/ATF6",0.927055390990844
"1","PERK/IRE1",0.27089434729186
"0","PERK/IRE1",0.621437545835701
"0","PERK/ATF6",0.349253627590668
"0","IRE1/ATF6",0.562009215457035
"0","PERK/IRE1",2.21095182687134
"0","PERK/ATF6",0.774977221135741
"0","IRE1/ATF6",0.350517461175258
"1","PERK/IRE1",1.05710580240493
"0","IRE1/ATF6",2.07957486459733
"0","PERK/IRE1",1.7103264419401
"0","PERK/ATF6",0.687679106634596
"0","IRE1/ATF6",0.402074767583276
"0","IRE1/ATF6",0.0657553891288427
"0","PERK/IRE1",0.545656475114005
"0","IRE1/ATF6",0.6379520768127
"0","PERK/IRE1",0.418744238510421
"0","PERK/ATF6",0.332981235959578
"0","IRE1/ATF6",0.795190011793538
"0","PERK/ATF6",3.11780310055955
"0","PERK/IRE1",5.40608323836157
"0","PERK/ATF6",1.54673886675244
"0","IRE1/ATF6",0.286110812311726
"0","IRE1/ATF6",1.057388904801
"0","PERK/ATF6",0.632142240514496
"0","PERK/IRE1",0.961473609057201
"0","PERK/ATF6",7.22253133590709
"0","IRE1/ATF6",7.51193924395838
"1","PERK/ATF6",0.457317581552457
"0","PERK/IRE1",0.300309371552049
"0","PERK/ATF6",0.183509870581422
"0","IRE1/ATF6",0.611069410298493
"0","PERK/IRE1",0.975074483512448
"0","PERK/ATF6",0.887309559543515
"0","IRE1/ATF6",0.909991569410386
"0","PERK/ATF6",0.111003241324062
"0","PERK/IRE1",0.192774715729789
"0","PERK/ATF6",0.0793325319714081
"0","IRE1/ATF6",0.411529757266549
"0","PERK/IRE1",1.61298918495373
"0","PERK/ATF6",0.734422770793876
"0","IRE1/ATF6",0.455317851876944
"0","PERK/IRE1",2.04939679534798
"0","IRE1/ATF6",1.41551115973585
"0","PERK/IRE1",0.497060819989825
"0","PERK/ATF6",0.27487516247794
"0","IRE1/ATF6",0.553001064303493
"0","IRE1/ATF6",0.802688115498531
"0","PERK/IRE1",0.340726542165884
"0","PERK/ATF6",0.124885841336131
"0","IRE1/ATF6",0.366528068351452
"0","PERK/ATF6",0.624006372693883
"1","PERK/IRE1",0.251618795962106
"1","PERK/ATF6",0.100541365477818
"1","IRE1/ATF6",0.399578120121678
"0","PERK/IRE1",16.3683568126927
"0","IRE1/ATF6",0.659247363796165
"0","PERK/ATF6",4.3977640806065
"0","PERK/IRE1",0.680225023719433
"0","PERK/ATF6",0.323397292706961
"0","IRE1/ATF6",0.475426927016949
"0","PERK/IRE1",3.03803914673643
"0","PERK/IRE1",2.61440579815034
"0","PERK/ATF6",0.998387831511847
"0","IRE1/ATF6",0.381879443588365
"0","PERK/ATF6",0.360085919070091
"1","PERK/IRE1",0.769652590731326
"1","PERK/ATF6",0.305132087083893
"1","IRE1/ATF6",0.396454310371327
"0","PERK/IRE1",0.0541821191764154
"0","IRE1/ATF6",5.46298868306953
"0","PERK/IRE1",0.169345690653952
"0","IRE1/ATF6",0.662936986597784
"0","PERK/IRE1",0.398566840407359
"0","PERK/ATF6",0.28684871964811
"0","IRE1/ATF6",0.71970041299706
"8","PERK/IRE1",0.360393954411782
"8","PERK/ATF6",0.160826593747854
"8","IRE1/ATF6",0.446252196461917
"0","PERK/IRE1",1.01211341315406
"0","PERK/IRE1",0.385754230245009
"0","PERK/ATF6",0.0651315080078713
"0","IRE1/ATF6",0.168841979947967
"0","PERK/IRE1",0.584108200605025
"0","PERK/ATF6",0.445699436764022
"0","IRE1/ATF6",0.76304259433845
"0","PERK/IRE1",1.20907440427467
"0","IRE1/ATF6",0.656035668879732
"0","IRE1/ATF6",0.792840205710392
"0","PERK/ATF6",0.953479269597616
"0","PERK/IRE1",0.382462582220046
"0","PERK/ATF6",0.498221604008166
"0","IRE1/ATF6",1.30266757369096
"0","IRE1/ATF6",0.119778130417211
"0","IRE1/ATF6",10.5993590984294
"4","IRE1/ATF6",0.805972050098246
"0","PERK/IRE1",0.499628986361437
"0","PERK/ATF6",0.298721658758596
"0","IRE1/ATF6",0.597886965954567
"0","PERK/IRE1",0.339989133624878
"0","PERK/ATF6",0.316503450710057
"0","IRE1/ATF6",0.930922254295536
"0","PERK/IRE1",0.95462345078578
"0","PERK/ATF6",0.763662410292025
"0","IRE1/ATF6",0.799961921806374
"0","IRE1/ATF6",0.765894510168625
"0","IRE1/ATF6",1.62368602368806
"0","PERK/IRE1",0.495089216837397
"0","PERK/IRE1",0.858002620930872
"0","PERK/ATF6",1.76854207597008
"0","IRE1/ATF6",2.0612315543411
"0","PERK/ATF6",0.0396562743543465
"0","IRE1/ATF6",0.501888059699695
"0","PERK/IRE1",0.583702045281827
"0","PERK/ATF6",0.359317450791144
"0","IRE1/ATF6",0.61558367611622
"0","PERK/IRE1",0.872029211719643
"0","PERK/ATF6",0.156901612081252
"0","IRE1/ATF6",0.179927013880466
"0","PERK/IRE1",0.671776127663271
"0","PERK/ATF6",0.439089063586968
"0","IRE1/ATF6",0.653624095149541
"0","PERK/IRE1",0.293170620346277
"0","IRE1/ATF6",0.196305156739018
"0","PERK/IRE1",0.284380911228433
"0","PERK/ATF6",0.252729031610417
"0","IRE1/ATF6",0.888699000642167
"0","PERK/IRE1",0.698513656925498
"0","PERK/ATF6",0.705824850651965
"0","IRE1/ATF6",1.01046678708996
"0","IRE1/ATF6",0.0709100150526925
"0","PERK/IRE1",0.706119048283964
"0","PERK/IRE1",4.08145400597563
"0","PERK/IRE1",0.663805193248727
"0","PERK/ATF6",0.586881480853371
"0","IRE1/ATF6",0.884117037381277
"0","PERK/ATF6",0.307838220313728
"0","PERK/IRE1",1.15070633452932
"0","PERK/ATF6",0.375560890660189
"0","IRE1/ATF6",0.326374227194817
"0","PERK/IRE1",1.7755626886819
"0","PERK/IRE1",0.687676272196317
"0","PERK/ATF6",0.771609401300599
"0","IRE1/ATF6",1.12205325746694
"0","PERK/IRE1",0.512607341735996
"0","PERK/ATF6",0.115129677008065
"0","IRE1/ATF6",0.224596231138958
"0","IRE1/ATF6",0.25228554080861
"0","PERK/IRE1",1.6427424558858
"0","PERK/ATF6",0.253125550265358
"0","IRE1/ATF6",0.154087178643513
"0","PERK/IRE1",2.83598688650324
"0","PERK/ATF6",0.525802662458374
"0","IRE1/ATF6",0.185403770715839
"0","PERK/ATF6",0.384139931988292
"0","PERK/ATF6",0.539718819842277
"0","PERK/IRE1",0.652719758130985
"1","PERK/IRE1",1.4363716990635
"0","IRE1/ATF6",0.105829936800617
"0","PERK/IRE1",2.94426857373594
"0","PERK/ATF6",0.452727975792919
"0","IRE1/ATF6",0.153765855408517
"0","PERK/IRE1",1.33571012646401
"0","IRE1/ATF6",0.0537136754743428
"0","IRE1/ATF6",0.867571979058667
"0","PERK/IRE1",0.212123220505507
"0","PERK/IRE1",0.0733949768554546
"0","PERK/ATF6",0.318513690600316
"0","IRE1/ATF6",4.33972056735712
"0","PERK/IRE1",2.10704941417167
"0","PERK/ATF6",1.06403645119208
"0","IRE1/ATF6",0.50498884555604
"8","IRE1/ATF6",0.219515337108491
"0","IRE1/ATF6",0.0293491895715745
"1","PERK/IRE1",1.16657359439118
"1","PERK/ATF6",3.72057946639345
"1","IRE1/ATF6",3.18932254620008
"0","PERK/IRE1",2.16900764926436
"0","PERK/ATF6",0.347301390623189
"0","IRE1/ATF6",0.160119947359789
"0","PERK/IRE1",3.11393544178144
"0","PERK/ATF6",0.3941931962892
"0","IRE1/ATF6",0.12659003491212
"0","PERK/IRE1",0.506352987831786
"0","PERK/IRE1",2.42294678900556
"0","PERK/IRE1",0.487485606984143
"0","PERK/ATF6",0.566764242591611
"0","IRE1/ATF6",1.16262764371225
"0","PERK/IRE1",0.674669958141896
"0","PERK/ATF6",0.44778835461446
"0","IRE1/ATF6",0.663714678874557
"0","PERK/ATF6",0.0493401905852532
"8","IRE1/ATF6",0.316990315406157
"0","PERK/ATF6",0.9853587553501
"0","IRE1/ATF6",0.494324360205553
"0","PERK/IRE1",2.50241554025167
"1","PERK/IRE1",0.95801746694123
"1","PERK/ATF6",0.3027916743475
"1","IRE1/ATF6",0.31606070327116
"0","PERK/IRE1",12.3706460390336
"0","PERK/IRE1",0.436077175623873
"0","PERK/ATF6",0.199996548113303
"0","IRE1/ATF6",0.458626498456789
"0","IRE1/ATF6",0.0822442930902986
"1","PERK/ATF6",0.811412226333263
"0","IRE1/ATF6",0.845823328297824
"0","PERK/IRE1",1.63093712420425
"0","IRE1/ATF6",0.353050332343613
"0","PERK/IRE1",14.2525516732881
"0","PERK/IRE1",0.436514759484987
"0","PERK/ATF6",0.363235378387739
"0","IRE1/ATF6",0.832126223672929
"0","PERK/IRE1",0.193614850848005
"0","IRE1/ATF6",0.12321708185388
"1","PERK/IRE1",0.440706861499681
"1","PERK/ATF6",0.285981051976776
"1","IRE1/ATF6",0.648914453030324
"0","PERK/IRE1",0.776924493399813
"0","PERK/ATF6",0.923044607604671
"0","IRE1/ATF6",1.18807505162495
"0","PERK/IRE1",7.78950450049693
"0","PERK/IRE1",0.0388966790270024
"0","PERK/ATF6",0.0353142008935024
"0","IRE1/ATF6",0.907897583466882
"4","IRE1/ATF6",0.959310237569369
"0","IRE1/ATF6",0.856524847877845
"0","PERK/IRE1",0.0928052278428429
"0","PERK/ATF6",0.0689299256761989
"0","IRE1/ATF6",0.742737529753447
"0","PERK/IRE1",1.80367578746955
"0","PERK/ATF6",7.84309469996618
"0","IRE1/ATF6",4.34839495792622
"0","IRE1/ATF6",0.716317926635032
"0","PERK/IRE1",1.06040111013759
"8","PERK/ATF6",7.91157441741561
"0","PERK/IRE1",0.62075151700708
"0","PERK/ATF6",0.344119926983361
"0","IRE1/ATF6",0.554360186894938
"0","PERK/IRE1",0.974804209961707
"0","PERK/ATF6",0.973694545325943
"0","IRE1/ATF6",0.998861653833227
"1","PERK/IRE1",0.847806597860451
"1","PERK/ATF6",0.368346424999722
"1","IRE1/ATF6",0.434469873116454
"0","IRE1/ATF6",0.440005632484869
"0","IRE1/ATF6",0.791789343248661
"0","PERK/IRE1",0.807725759274112
"0","PERK/ATF6",8.51285262618145
"0","IRE1/ATF6",0.563419987131876
"4","IRE1/ATF6",2.49201772473024
"0","IRE1/ATF6",0.878480872019691
"0","IRE1/ATF6",0.845098606245569
"0","IRE1/ATF6",0.280487167192181
"0","PERK/IRE1",1.47710048393084
"0","PERK/ATF6",0.865837075501903
"0","IRE1/ATF6",0.586173442444313
"1","PERK/IRE1",0.585366866509868
"1","PERK/ATF6",0.299722438359229
"1","IRE1/ATF6",0.512024946246554
"0","IRE1/ATF6",0.522644130467083
"0","IRE1/ATF6",0.0774271723893809
"0","PERK/IRE1",1.22378027177612
"0","PERK/ATF6",0.44406432216723
"0","IRE1/ATF6",0.362862788695509
"0","IRE1/ATF6",0.924870707232187
"0","PERK/IRE1",0.605507192933985
"0","PERK/ATF6",0.390955544918919
"0","IRE1/ATF6",0.645666227389544
"0","PERK/IRE1",11.9248448032832
"0","PERK/ATF6",1.6895986923443
"0","IRE1/ATF6",0.141687268909287
"0","PERK/IRE1",1.55305704635708
"0","PERK/IRE1",1.18643697884025
"0","PERK/ATF6",0.460933039770464
"0","IRE1/ATF6",0.388501916234124
"0","PERK/IRE1",3.14801850849764
"0","PERK/ATF6",0.595485532165776
"0","IRE1/ATF6",0.189162017490794
"0","PERK/ATF6",0.0400993313842628
"1","PERK/IRE1",1.30481530864286
"1","PERK/ATF6",3.52071432421404
"1","IRE1/ATF6",2.69824725452978
"1","PERK/IRE1",0.672905428905346
"1","PERK/ATF6",0.338300878418988
"1","IRE1/ATF6",0.502746543402572
"0","IRE1/ATF6",0.0350288889567467
"0","PERK/IRE1",0.0804746995517708
"0","PERK/ATF6",0.030587007613869
"0","IRE1/ATF6",0.380082284049931
"0","IRE1/ATF6",0.710733891916742
"0","PERK/IRE1",0.47890403047808
"0","PERK/ATF6",1.19259709668147
"0","IRE1/ATF6",2.49026322766781
"0","PERK/IRE1",0.485235556405048
"3","IRE1/ATF6",0.41007134202101
"3","PERK/ATF6",0.104530038971758
"3","IRE1/ATF6",0.459777624481364
"3","IRE1/ATF6",0.336891997377524
"3","IRE1/ATF6",0.641357123905
"4","IRE1/ATF6",0.728629459958705
"8","PERK/ATF6",1.23691569632313
"3","IRE1/ATF6",0.434371069786516
"3","PERK/IRE1",0.134172111410912
"3","PERK/ATF6",0.0875130582356948
"3","IRE1/ATF6",0.652244772147019
"3","PERK/IRE1",0.00272125850951548
"3","PERK/ATF6",0.000968042909214513
"3","IRE1/ATF6",0.355733534991085
"3","PERK/IRE1",0.843063198727112
"3","PERK/ATF6",0.157716142167548
"3","IRE1/ATF6",0.187075111813295
"3","IRE1/ATF6",0.299123949581772
"3","PERK/IRE1",0.0548498354262712
"3","PERK/ATF6",0.0600347464296379
"3","IRE1/ATF6",1.09452919891321
"3","PERK/IRE1",32.8242024467709
"3","PERK/ATF6",20.7638981518756
"3","IRE1/ATF6",0.632578908369434
"3","IRE1/ATF6",0.326895759274432
"3","PERK/IRE1",8.77009638083661
"3","PERK/ATF6",0.271887077512656
"3","IRE1/ATF6",0.031001606562358
"3","IRE1/ATF6",0.159486562645274
"3","PERK/IRE1",0.354550640469979
"3","PERK/ATF6",0.209652025254359
"3","IRE1/ATF6",0.591317575893959
"3","PERK/IRE1",0.0373635878714373
"3","PERK/ATF6",0.0300351229226527
"3","IRE1/ATF6",0.803860780875735
"3","PERK/IRE1",0.30075803932976
"3","PERK/ATF6",0.162667201699504
"3","IRE1/ATF6",0.540857368474699
"3","IRE1/ATF6",0.0629608654618807
"3","PERK/IRE1",0.101674435725664
"3","PERK/ATF6",0.0510105924181903
"3","IRE1/ATF6",0.501705193189625
"3","IRE1/ATF6",0.383027934952947
"3","IRE1/ATF6",0.399333673868162
"3","IRE1/ATF6",1.23740414216467
"3","IRE1/ATF6",0.250852093539233
"3","IRE1/ATF6",0.316050364606758
"3","IRE1/ATF6",0.443094643326039
"8","IRE1/ATF6",0.0863798680182282
"3","PERK/IRE1",0.804479603570119
"3","PERK/ATF6",0.484884162993805
"3","IRE1/ATF6",0.602730213223538
"3","PERK/IRE1",1.71178798654863
"3","PERK/IRE1",26.7335027638952
"3","PERK/IRE1",0.621445308259305
"3","PERK/ATF6",0.123986299085631
"3","IRE1/ATF6",0.199512808991868
"3","IRE1/ATF6",0.242662144377878
"3","PERK/IRE1",0.247962966243494
"3","PERK/ATF6",0.0705033497871438
"3","IRE1/ATF6",0.284330159681632
"3","PERK/IRE1",1.39751088916725
"3","PERK/ATF6",0.599581040502104
"3","IRE1/ATF6",0.429034968635832
"3","PERK/IRE1",0.299017378654699
"3","PERK/ATF6",0.0949134853291562
"3","IRE1/ATF6",0.317417956629073
"3","PERK/IRE1",0.278624908572428
"3","PERK/ATF6",0.143604676758192
"3","PERK/IRE1",0.000898080692608601
"3","PERK/ATF6",0.000942927999987383
"3","IRE1/ATF6",1.04993683501704
"3","PERK/IRE1",0.375724276728901
"3","PERK/ATF6",0.0689262126758353
"3","IRE1/ATF6",0.18344891971292
"4","PERK/ATF6",0.41395026896379
"3","PERK/IRE1",0.106437709329231
"3","PERK/ATF6",0.0481624091509161
"3","IRE1/ATF6",0.452493852549393
"3","IRE1/ATF6",0.150864793449064
"3","PERK/IRE1",13.0898792476889
"3","PERK/ATF6",7.31683366405222
"3","IRE1/ATF6",0.558968767060558
"8","IRE1/ATF6",0.215440990130543
"3","IRE1/ATF6",0.140148434475506
"3","IRE1/ATF6",0.239688045428955
"4","PERK/IRE1",0.498727285966821
"4","PERK/ATF6",0.578181878270751
"4","IRE1/ATF6",1.15931470873887
"3","IRE1/ATF6",0.560439381830613
"3","IRE1/ATF6",0.625054562991031
"3","PERK/IRE1",1.10624369824868
"3","PERK/ATF6",0.506381946952025
"3","IRE1/ATF6",0.457749000291429
"3","IRE1/ATF6",0.381780908055299
"3","PERK/IRE1",0.452699000382919
"3","PERK/ATF6",0.254567386775507
"3","IRE1/ATF6",0.56233255774848
"3","IRE1/ATF6",0.940608430243473
"3","PERK/IRE1",0.369171480745512
"3","PERK/ATF6",0.127457306531983
"3","IRE1/ATF6",0.345252310050044
"3","PERK/IRE1",1.67334916158169
"3","PERK/IRE1",0.23592650826655
"3","PERK/ATF6",0.942177130369353
"3","IRE1/ATF6",3.99351958070299
"3","IRE1/ATF6",0.707030436433721
"3","IRE1/ATF6",0.7946373546097
"3","PERK/IRE1",0.134242480157834
"3","PERK/ATF6",0.0524109266442916
"3","IRE1/ATF6",0.390419832698786
"3","IRE1/ATF6",0.525978229672473
"3","IRE1/ATF6",0.400412174974918
"3","IRE1/ATF6",0.280319054933219
"3","PERK/IRE1",1.35800085603649
"3","PERK/ATF6",0.67353919206123
"3","IRE1/ATF6",0.495978473847981
"3","IRE1/ATF6",0.150838954680535
"3","IRE1/ATF6",0.308400322224681
"4","PERK/IRE1",4.39206356050739
"4","PERK/ATF6",1.03942927350907
"4","IRE1/ATF6",0.236660799460058
"3","IRE1/ATF6",0.285463333662471
"3","IRE1/ATF6",0.867514541832719
"3","IRE1/ATF6",0.329591786381661
"3","IRE1/ATF6",0.853375078804081
"3","PERK/ATF6",0.0300676796604776
"3","PERK/ATF6",1.43640065236556
"3","IRE1/ATF6",0.592191013859435
"3","IRE1/ATF6",0.0575194478940568
"3","IRE1/ATF6",0.503082891842223
"3","IRE1/ATF6",0.47086696449509
"8","PERK/IRE1",0.456124332306319
"8","PERK/ATF6",0.239021524743014
"8","IRE1/ATF6",0.524027129915302
"4","IRE1/ATF6",0.958838068447925
"3","IRE1/ATF6",0.506648768755448
"4","PERK/ATF6",0.367045139725313
"3","PERK/IRE1",1.08772918732567
"3","PERK/ATF6",0.529645736624569
"3","IRE1/ATF6",0.486927943826511
"3","PERK/IRE1",2.09893716862441
"3","PERK/ATF6",0.0154866392926397
"3","IRE1/ATF6",0.00737832438442605
"3","PERK/IRE1",7.31569093947066
"3","PERK/IRE1",0.223749675879085
"3","PERK/ATF6",0.0946690165778902
"3","IRE1/ATF6",0.423102362968559
"3","PERK/IRE1",0.249417575959733
"3","PERK/ATF6",0.0509495676040951
"3","IRE1/ATF6",0.204274167159417
"8","PERK/IRE1",7.37125597617665
"3","PERK/IRE1",0.760566431906298
"3","PERK/ATF6",0.638255168977085
"3","IRE1/ATF6",0.839183984727474
"3","PERK/IRE1",37.1017656384658
"3","PERK/ATF6",20.2867566768262
"3","IRE1/ATF6",0.546786826117881
"3","PERK/IRE1",0.634958863591451
"3","PERK/ATF6",0.540461342152934
"3","IRE1/ATF6",0.851175364488936
"3","IRE1/ATF6",2.28852518393868
"3","IRE1/ATF6",0.788184840569877
"3","IRE1/ATF6",0.488765147565059
"3","PERK/IRE1",2.23166740226925
"3","PERK/ATF6",1.41180001671715
"3","IRE1/ATF6",0.632621158189421
"3","IRE1/ATF6",0.450314673363769
"5","IRE1/ATF6",5.36265652735524
"5","PERK/IRE1",0.694920262511236
"5","PERK/ATF6",0.434586987648044
"5","IRE1/ATF6",0.625376767800058
"0","PERK/IRE1",3.92566211467382
"0","PERK/ATF6",1.51016749331329
"0","IRE1/ATF6",0.384691155071245
"4","PERK/ATF6",0.45811548675318
"5","PERK/IRE1",0.251377702057783
"5","PERK/IRE1",0.909647811605308
"5","PERK/ATF6",0.280012754609983
"5","IRE1/ATF6",0.30782545842201
"5","PERK/IRE1",2.17675078151149
"5","PERK/ATF6",2.10560167883063
"5","IRE1/ATF6",0.967314079643303
"5","PERK/IRE1",0.277502445722202
"5","PERK/ATF6",0.117327233790956
"5","IRE1/ATF6",0.422797116204186
"1","PERK/ATF6",0.83158525584359
"5","PERK/IRE1",0.715625177760973
"5","PERK/ATF6",0.313555642768651
"5","IRE1/ATF6",0.438156247869443
"5","PERK/IRE1",23.589655295264
"5","PERK/ATF6",2.77981412807324
"5","IRE1/ATF6",0.117840387800467
"5","PERK/IRE1",0.336440990432428
"5","PERK/ATF6",0.120750263270386
"5","IRE1/ATF6",0.358904731302761
"1","IRE1/ATF6",0.217963770660823
"5","IRE1/ATF6",0.290442839578991
"5","IRE1/ATF6",0.316711972149133
"5","PERK/ATF6",13.1403974099139
"5","PERK/IRE1",0.398589137937591
"5","PERK/ATF6",0.163447565014342
"5","IRE1/ATF6",0.410065276389778
"5","PERK/IRE1",0.0858404222759955
"5","PERK/ATF6",0.047326403024483
"5","IRE1/ATF6",0.551330035077396
"1","PERK/IRE1",0.0702801561090453
"1","PERK/ATF6",0.0692043729160967
"1","IRE1/ATF6",0.984692931084566
"5","IRE1/ATF6",0.769522569539821
"5","PERK/IRE1",0.360724066409724
"5","PERK/ATF6",0.129660308330512
"5","IRE1/ATF6",0.359444573856736
"5","PERK/IRE1",0.370496303854366
"5","PERK/ATF6",0.154374522105157
"5","IRE1/ATF6",0.416669533539633
"5","PERK/IRE1",0.0797330063989413
"5","PERK/ATF6",0.0275963775799965
"5","IRE1/ATF6",0.346109833635508
"3","IRE1/ATF6",0.456765637899613
"1","IRE1/ATF6",0.731651852086272
"5","IRE1/ATF6",0.234737737159705
"5","PERK/IRE1",0.855144324678638
"1","PERK/IRE1",1.9543245413971
"1","PERK/IRE1",1.63781725260657
"1","PERK/ATF6",0.784261743593881
"1","IRE1/ATF6",0.478845696823461
"5","PERK/IRE1",2.26313523381076
"5","PERK/ATF6",0.25565113334033
"5","IRE1/ATF6",0.112963259782693
"5","PERK/ATF6",1.15476982037766
"5","IRE1/ATF6",0.206931093224738
"5","PERK/IRE1",0.217750381405056
"5","PERK/ATF6",0.0991719748591392
"5","IRE1/ATF6",0.455438811262796
"5","PERK/IRE1",0.992513356562836
"5","PERK/ATF6",0.342772265680943
"5","IRE1/ATF6",0.345357836662264
"5","PERK/IRE1",2.0435077015401
"5","PERK/ATF6",0.682098582079674
"5","IRE1/ATF6",0.3337881142144
"1","PERK/IRE1",6.8038644243485
"1","PERK/ATF6",0.482915150696852
"1","IRE1/ATF6",0.07097659808868
"5","IRE1/ATF6",0.0842536696434109
"5","PERK/IRE1",0.836345941089717
"5","PERK/ATF6",0.289068879712006
"5","IRE1/ATF6",0.345633147134502
"5","IRE1/ATF6",0.387418353844804
"5","PERK/IRE1",0.278641557481765
"5","PERK/ATF6",0.814635862359609
"5","IRE1/ATF6",2.92359786430249
"1","IRE1/ATF6",0.478082294300578
"5","PERK/IRE1",2.64277232157164
"5","PERK/ATF6",0.335439569185424
"5","IRE1/ATF6",0.126927153900999
"5","IRE1/ATF6",0.608713248670306
"5","PERK/IRE1",0.658425090136712
"5","PERK/ATF6",0.321367575106231
"5","IRE1/ATF6",0.488085250578019
"5","IRE1/ATF6",0.408714753126219
"5","PERK/IRE1",0.987122908241166
"5","PERK/ATF6",0.483919058496693
"5","IRE1/ATF6",0.490231818608009
"5","IRE1/ATF6",0.301600277811622
"5","PERK/IRE1",1.20823316312227
"5","PERK/ATF6",0.736516475840102
"5","IRE1/ATF6",0.609581410542336
"5","IRE1/ATF6",0.287691555667087
"5","IRE1/ATF6",0.589640127983406
"3","PERK/IRE1",0.0369100822507716
"3","PERK/ATF6",0.010888703332834
"3","IRE1/ATF6",0.295006206132375
"5","IRE1/ATF6",0.276326097962456
"5","PERK/IRE1",1.28211561324795
"5","PERK/ATF6",0.597073242582105
"5","IRE1/ATF6",0.465693761477217
"5","IRE1/ATF6",0.0444958141919177
"1","PERK/IRE1",0.442413789926901
"1","PERK/ATF6",0.775663977000587
"1","IRE1/ATF6",1.75325452022811
"5","PERK/IRE1",0.508845133380869
"5","PERK/ATF6",0.376378674596808
"5","IRE1/ATF6",0.739672348040498
"1","IRE1/ATF6",0.0973117613950494
"1","IRE1/ATF6",0.932960437453976
"5","PERK/IRE1",0.553244269386937
"5","PERK/ATF6",0.231811796327601
"5","IRE1/ATF6",0.41900442382255
"5","PERK/ATF6",3.38042642378155
"5","IRE1/ATF6",0.523781408009041
"5","PERK/IRE1",0.47249949375677
"5","PERK/ATF6",0.163162044940121
"5","IRE1/ATF6",0.34531686720518
"5","PERK/ATF6",2.84326692881597
"5","PERK/IRE1",1.11375130156735
"5","PERK/ATF6",0.44359108598998
"5","IRE1/ATF6",0.398285582576405
"5","PERK/IRE1",0.0150996029723685
"5","PERK/ATF6",0.00486004604430629
"5","IRE1/ATF6",0.321865816816503
"1","IRE1/ATF6",0.53790506643715
"1","PERK/IRE1",0.300236335414439
"1","PERK/ATF6",0.338938522756506
"1","IRE1/ATF6",1.12890574116768
"1","PERK/ATF6",0.9742618077285
"5","IRE1/ATF6",0.407673024682654
"5","PERK/IRE1",1.95811498425059
"5","IRE1/ATF6",0.272443617373896
"1","PERK/IRE1",2.81538556131744
"1","PERK/ATF6",1.67696850768589
"1","IRE1/ATF6",0.595644351781487
"1","PERK/ATF6",0.183983811690992
"5","IRE1/ATF6",0.342875158216957
"4","PERK/IRE1",4.77999551768744
"4","PERK/ATF6",0.439809538749822
"4","IRE1/ATF6",0.0920104500354431
"0","PERK/IRE1",0.416589285116116
"0","PERK/ATF6",0.248649680664475
"0","IRE1/ATF6",0.596870081752507
"5","PERK/IRE1",0.188112043992504
"5","PERK/ATF6",0.073180338188697
"5","IRE1/ATF6",0.389025267258342
"5","PERK/IRE1",0.640457237958259
"5","PERK/ATF6",0.330879017864107
"5","IRE1/ATF6",0.516629367666967
"8","IRE1/ATF6",0.023853747937647
"5","PERK/IRE1",0.0211723401563835
"5","PERK/ATF6",0.0149162863012714
"5","IRE1/ATF6",0.704517601318349
"1","PERK/IRE1",0.388279675618402
"1","PERK/ATF6",0.339730102762034
"1","IRE1/ATF6",0.874962363716196
"5","PERK/IRE1",0.460987541390863
"5","PERK/ATF6",0.106088291819473
"5","IRE1/ATF6",0.230132665840361
"0","PERK/ATF6",0.306621912968611
"5","PERK/IRE1",0.624122436621925
"5","PERK/ATF6",0.409498438241771
"5","IRE1/ATF6",0.656118758457377
"5","PERK/IRE1",0.18931809995404
"5","PERK/ATF6",0.169227777915786
"5","IRE1/ATF6",0.893880606011095
"5","PERK/IRE1",1.37501603242674
"5","PERK/ATF6",0.391263180103016
"5","IRE1/ATF6",0.284551722217001
"5","PERK/IRE1",0.137701343378685
"5","PERK/ATF6",0.0564354455138625
"5","IRE1/ATF6",0.409839469457191
"5","PERK/IRE1",0.656164869403904
"5","PERK/ATF6",0.235131268830473
"5","IRE1/ATF6",0.358341751889398
"5","PERK/ATF6",0.179141083450256
"5","PERK/IRE1",0.234341513017474
"5","PERK/ATF6",0.141358728810247
"5","IRE1/ATF6",0.603216762536248
"5","PERK/IRE1",0.156167594305699
"5","PERK/ATF6",0.0391487379299137
"5","IRE1/ATF6",0.250684132671467
"5","IRE1/ATF6",0.663407286714851
"5","PERK/IRE1",1.1144339333165
"5","PERK/ATF6",0.321592357457548
"5","IRE1/ATF6",0.288570141166202
"5","PERK/IRE1",1.16729689298108
"5","PERK/ATF6",0.0426817798936871
"5","IRE1/ATF6",0.0365646307724548
"5","IRE1/ATF6",0.195607556257872
"8","PERK/IRE1",0.184471946979464
"8","PERK/ATF6",0.201696318759118
"8","IRE1/ATF6",1.09337122560738
"0","IRE1/ATF6",0.0829823817744597
"1","IRE1/ATF6",1.09911440818541
"1","PERK/ATF6",0.455495381834834
"0","PERK/IRE1",0.466052008963189
"0","PERK/ATF6",0.351498147320559
"0","IRE1/ATF6",0.754203695211025
"0","IRE1/ATF6",0.583236290758692
"2","PERK/IRE1",0.26560476713069
"2","PERK/ATF6",0.168130515662306
"2","IRE1/ATF6",0.633010158208409
"4","PERK/IRE1",0.224728651825307
"4","PERK/ATF6",0.18203898007167
"4","IRE1/ATF6",0.810039034155635
"2","IRE1/ATF6",0.343810680481855
"1","PERK/IRE1",1.29113824596815
"1","PERK/ATF6",0.337607313470514
"1","IRE1/ATF6",0.261480375571527
"2","IRE1/ATF6",0.114084723833628
"0","PERK/IRE1",9.71729560529207
"0","PERK/ATF6",0.661672793696158
"0","IRE1/ATF6",0.0680922779930466
"1","PERK/ATF6",0.7469927469778
"2","IRE1/ATF6",0.944173324208346
"2","IRE1/ATF6",0.300321011071855
"1","PERK/IRE1",0.573832563555119
"1","PERK/ATF6",1.99812960579435
"1","IRE1/ATF6",3.48207775699439
"8","PERK/IRE1",0.787830093464652
"3","IRE1/ATF6",0.658475132772658
"2","PERK/IRE1",5.49138340689821
"2","PERK/ATF6",6.2451335395192
"2","IRE1/ATF6",1.13726051830111
"0","IRE1/ATF6",0.102815718507247
"2","PERK/IRE1",0.141099894876436
"2","PERK/ATF6",0.0702578334370947
"2","IRE1/ATF6",0.497929736224261
"2","PERK/IRE1",0.43910168932717
"2","PERK/ATF6",0.147016897219905
"2","IRE1/ATF6",0.334812870898258
"0","IRE1/ATF6",0.273203796020039
"2","PERK/IRE1",46.9359487361435
"2","PERK/ATF6",0.449944064725065
"2","IRE1/ATF6",0.00958634217142353
"2","PERK/IRE1",3.32309982185816
"0","PERK/IRE1",37.4751314005621
"0","PERK/ATF6",1.51936026316163
"0","IRE1/ATF6",0.0405431603940643
"1","PERK/IRE1",0.593725566258713
"1","PERK/ATF6",0.158943485218693
"1","IRE1/ATF6",0.267705307386804
"1","IRE1/ATF6",0.565854381242154
"8","IRE1/ATF6",0.406650679064392
"8","IRE1/ATF6",0.0535257703425506
"2","IRE1/ATF6",0.278910883144322
"2","IRE1/ATF6",0.408304017173146
"2","IRE1/ATF6",0.0128860734112406
"5","PERK/IRE1",5.14533256356945
"2","IRE1/ATF6",0.394121660219771
"2","IRE1/ATF6",0.256255728953527
"2","IRE1/ATF6",0.44103056060345
"2","IRE1/ATF6",0.463923439112949
"2","IRE1/ATF6",0.261736669848803
"2","PERK/IRE1",0.217496311186927
"2","PERK/ATF6",0.0591164229115209
"2","IRE1/ATF6",0.27180425538672
"8","IRE1/ATF6",0.253037468989205
"8","IRE1/ATF6",0.592637352671687
"2","IRE1/ATF6",0.202131975541884
"2","PERK/IRE1",0.0373721660442184
"2","PERK/ATF6",0.0134119982737964
"2","IRE1/ATF6",0.358876663930249
"0","PERK/IRE1",3.33931091695279
"8","IRE1/ATF6",0.142614636533584
"2","IRE1/ATF6",0.423091563348938
"2","IRE1/ATF6",0.59131036929331
"2","PERK/IRE1",0.792795862595193
"2","PERK/ATF6",0.280110028565094
"2","IRE1/ATF6",0.353319236112261
"0","PERK/IRE1",1.2356398941507
"0","PERK/ATF6",6.89282410273493
"0","IRE1/ATF6",5.57834376776302
"0","IRE1/ATF6",0.284661593389649
"1","PERK/IRE1",0.644274988435673
"1","PERK/ATF6",0.616829480550788
"1","IRE1/ATF6",0.957400941558319
"2","IRE1/ATF6",6.56167097762553
"0","PERK/ATF6",0.942677273967175
"2","IRE1/ATF6",0.368980867389382
"2","IRE1/ATF6",0.099350415408085
"2","IRE1/ATF6",0.277091577383047
"2","IRE1/ATF6",0.274175706589365
"0","IRE1/ATF6",0.50178166438979
"2","IRE1/ATF6",0.540157347041699
"2","PERK/IRE1",2.4451060895177
"2","IRE1/ATF6",0.38798097475455
"2","PERK/IRE1",1.20650603775181
"2","PERK/ATF6",0.0690375206003966
"2","IRE1/ATF6",0.0572210320049787
"1","PERK/IRE1",5.51034939028661
"0","IRE1/ATF6",0.320450633817791
"2","IRE1/ATF6",0.358875433289809
"0","IRE1/ATF6",0.245670616409055
"2","PERK/IRE1",3.56589702551518
"2","IRE1/ATF6",0.56674467355117
"8","PERK/IRE1",0.379957546526287
"2","IRE1/ATF6",0.352094251794446
"2","IRE1/ATF6",0.0897343084621522
"2","IRE1/ATF6",0.472127311093259
"0","PERK/IRE1",0.552661852046621
"0","PERK/ATF6",0.126744111835028
"0","IRE1/ATF6",0.229333925194344
"1","PERK/IRE1",0.607633741217087
"1","PERK/ATF6",1.49874833012183
"1","IRE1/ATF6",2.46653243304074
"2","IRE1/ATF6",0.476429633320817
"0","PERK/IRE1",0.724265098683112
"0","PERK/ATF6",0.687067074301934
"0","IRE1/ATF6",0.948640319064369
"2","IRE1/ATF6",0.194954379910015
"8","IRE1/ATF6",0.568323637583004
"2","PERK/ATF6",7.27814443847187
"2","IRE1/ATF6",0.494810300828377
"2","IRE1/ATF6",0.309557939691111
"2","IRE1/ATF6",0.222311514009373
"4","PERK/ATF6",0.125925371220562
"1","PERK/ATF6",0.107525527567952
"8","IRE1/ATF6",0.0800189663260279
"2","IRE1/ATF6",0.870630041710251
"2","IRE1/ATF6",0.282334111383583
"8","IRE1/ATF6",0.414245872976405
"2","IRE1/ATF6",0.504603272969384
"8","IRE1/ATF6",0.00958156052862589
"2","PERK/IRE1",1.39961683169607
"2","PERK/ATF6",1.73725952171998
"2","IRE1/ATF6",1.24123937521868
"2","PERK/ATF6",3.1878706730648
"2","IRE1/ATF6",0.302479493858131
"2","PERK/IRE1",0.499635678518597
"2","PERK/ATF6",0.0698444113430188
"2","IRE1/ATF6",0.139790680181417
"2","PERK/IRE1",0.0166169572827328
"2","PERK/ATF6",0.00218006187726443
"2","IRE1/ATF6",0.131195010023273
"1","PERK/IRE1",0.688593188599188
"1","PERK/ATF6",4.65594480600902
"1","IRE1/ATF6",6.76153189298991
"4","IRE1/ATF6",0.0789313874900405
"4","PERK/IRE1",0.869957396893243
"4","PERK/ATF6",0.488893570738984
"4","IRE1/ATF6",0.561974152395164
"4","PERK/IRE1",0.00943311431061146
"4","PERK/ATF6",0.0157577527905101
"4","IRE1/ATF6",1.67047194294931
"4","IRE1/ATF6",0.625366272322867
"4","IRE1/ATF6",0.399784559407173
"4","PERK/IRE1",0.1391513544381
"4","PERK/IRE1",0.0814923295750609
"4","PERK/ATF6",0.0480525182686342
"4","IRE1/ATF6",0.589656947091861
"1","PERK/IRE1",1.32018618845429
"4","PERK/IRE1",9.65254058901432
"4","PERK/ATF6",0.0911074960339597
"1","PERK/IRE1",0.974549719815782
"1","PERK/ATF6",1.31786735098599
"1","IRE1/ATF6",1.35228334090036
"4","IRE1/ATF6",0.677812258479489
"4","PERK/IRE1",0.442107192333513
"4","PERK/ATF6",5.18344912876396
"4","IRE1/ATF6",11.7244171066408
"1","PERK/ATF6",0.562553432117805
"4","PERK/IRE1",5.32950131774653
"4","PERK/IRE1",1.34537326625116
"4","PERK/ATF6",0.377892665623116
"4","IRE1/ATF6",0.280883138607401
"4","PERK/IRE1",2.06528975438293
"4","PERK/ATF6",1.14113530737722
"4","IRE1/ATF6",0.55253036769079
"4","PERK/ATF6",0.222769070112121
"4","IRE1/ATF6",1.21831111872399
"4","PERK/IRE1",0.221355277597893
"4","PERK/ATF6",0.132212518001918
"4","IRE1/ATF6",0.597286495432427
"4","PERK/IRE1",0.19785057775604
"4","PERK/ATF6",0.137206305284356
"4","IRE1/ATF6",0.693484481271205
"1","PERK/ATF6",0.012915262667581
"1","PERK/IRE1",0.571993131876049
"1","PERK/ATF6",0.445024261139856
"1","IRE1/ATF6",0.77802378444693
"1","PERK/IRE1",0.385137094458088
"1","PERK/ATF6",1.27257269531982
"1","IRE1/ATF6",3.30420703077279
"4","PERK/IRE1",0.106964461917809
"4","PERK/ATF6",0.0756608873498145
"4","IRE1/ATF6",0.707346028702059
"4","IRE1/ATF6",2.4698071151765
"4","IRE1/ATF6",1.66738528433026
"4","PERK/ATF6",0.178125960488008
"4","PERK/IRE1",0.702669201337259
"4","PERK/ATF6",0.538085991856857
"4","IRE1/ATF6",0.765774265945937
"4","PERK/IRE1",1.20436064413238
"4","PERK/ATF6",0.420684551494741
"4","IRE1/ATF6",0.349301144590127
"0","IRE1/ATF6",0.552513629019681
"4","PERK/ATF6",0.890548014770993
"4","PERK/IRE1",8.93276464172337
"4","PERK/ATF6",7.69601310673288
"4","IRE1/ATF6",0.861548850261448
"4","PERK/IRE1",0.0864631422651197
"4","PERK/ATF6",0.0485383643158254
"4","IRE1/ATF6",0.561376362739553
"1","PERK/IRE1",4.95837125885057
"8","IRE1/ATF6",0.0459893077834482
"4","PERK/IRE1",0.82216539602051
"4","PERK/ATF6",1.23443037823655
"4","IRE1/ATF6",1.50143801260854
"4","PERK/IRE1",3.02035898671326
"4","PERK/ATF6",1.55615550877032
"4","IRE1/ATF6",0.515222036723428
"1","PERK/IRE1",5.06080284734181
"4","IRE1/ATF6",0.538248745754821
"1","IRE1/ATF6",0.837017576063528
"4","PERK/IRE1",0.189677216935303
"4","PERK/ATF6",0.118474160883451
"4","IRE1/ATF6",0.624609337893548
"1","PERK/IRE1",0.492360579083821
"4","PERK/IRE1",0.291092740797339
"4","PERK/ATF6",0.133631268639039
"4","IRE1/ATF6",0.459067678132427
"4","PERK/IRE1",0.0967536331899194
"4","PERK/ATF6",0.181283581114345
"4","IRE1/ATF6",1.87366174413834
"4","IRE1/ATF6",0.358214366986268
"4","PERK/IRE1",0.0977592304533987
"4","PERK/ATF6",0.0572749784758686
"4","IRE1/ATF6",0.585877959658973
"4","PERK/IRE1",0.240607676466674
"4","PERK/ATF6",0.0782025797248922
"4","IRE1/ATF6",0.325021133462149
"4","PERK/IRE1",1.6662566991654
"4","PERK/IRE1",0.450377329068749
"4","PERK/ATF6",0.177910978611487
"4","IRE1/ATF6",0.395026496958352
"4","PERK/IRE1",3.9940490921574
"4","PERK/ATF6",0.335333911235714
"4","IRE1/ATF6",0.0839583849618088
"5","IRE1/ATF6",1.17543465789656
"1","IRE1/ATF6",1.37299740948189
"1","PERK/IRE1",2.98947703884122
"1","PERK/ATF6",0.521635579401408
"1","IRE1/ATF6",0.174490578995584
"4","PERK/IRE1",0.326403127200031
"4","PERK/ATF6",0.256545677063399
"4","IRE1/ATF6",0.785977999855923
"4","PERK/IRE1",1.58721103255389
"4","PERK/ATF6",0.591328447612825
"4","IRE1/ATF6",0.372558176250421
"1","PERK/IRE1",0.921424418792056
"1","PERK/IRE1",0.171552839373753
"1","PERK/ATF6",0.0919357585913789
"1","IRE1/ATF6",0.535903450662704
"4","PERK/IRE1",4.09932184063025
"4","PERK/ATF6",3.54120152122824
"4","IRE1/ATF6",0.863850573070349
"0","PERK/IRE1",0.638031133202369
"0","PERK/ATF6",0.663893032330156
"0","IRE1/ATF6",1.04053391407091
"4","IRE1/ATF6",0.164140003676612
"4","PERK/ATF6",1.10480475497829
"4","PERK/ATF6",0.578408012181949
"4","IRE1/ATF6",0.399809023361893
"4","PERK/IRE1",0.0975186573533072
"4","PERK/ATF6",0.0991423517327698
"4","IRE1/ATF6",1.01665008956778
"4","IRE1/ATF6",0.733320356410485
"4","PERK/IRE1",2.55679365713428
"4","PERK/ATF6",2.53931778307207
"4","IRE1/ATF6",0.993164925916705
"4","IRE1/ATF6",0.568798777911982
"4","IRE1/ATF6",0.150866679496663
"4","IRE1/ATF6",8.01505015054409
"4","IRE1/ATF6",0.661259224136573
"4","PERK/IRE1",0.0588328579215431
"4","PERK/ATF6",0.0310119335037373
"4","IRE1/ATF6",0.527119276529001
"4","PERK/IRE1",1.93980754612966
"4","PERK/ATF6",0.681069109408169
"4","IRE1/ATF6",0.35110138156079
"4","PERK/IRE1",0.516863170622759
"4","PERK/ATF6",0.925183215600101
"4","IRE1/ATF6",1.7899964017273
"4","PERK/IRE1",3.43010661692723
"4","PERK/IRE1",1.10287725522385
"5","PERK/ATF6",0.744676796506507
"4","PERK/IRE1",0.696929914743867
"4","PERK/ATF6",0.623045872236372
"4","IRE1/ATF6",0.893986409616743
"4","PERK/IRE1",1.64996400049508
"4","PERK/ATF6",1.62372050584626
"4","IRE1/ATF6",0.98409450470377
"4","PERK/IRE1",0.408023642600917
"4","PERK/ATF6",0.295081143704357
"4","IRE1/ATF6",0.723196189866311
"0","PERK/IRE1",0.744275174088674
"0","PERK/ATF6",7.08919112306377
"0","IRE1/ATF6",9.52495981307467
"1","IRE1/ATF6",0.680987137746425
"4","IRE1/ATF6",0.850360367853457
"4","IRE1/ATF6",1.23479755896586
"4","IRE1/ATF6",0.370154212201455
"1","PERK/IRE1",0.579572074538943
"1","PERK/ATF6",0.507684364927057
"1","IRE1/ATF6",0.875964159127106
"4","IRE1/ATF6",0.769803916972718
"0","PERK/IRE1",0.635173995104258
"0","PERK/ATF6",0.591770136341606
"0","IRE1/ATF6",0.931666190528586
"4","PERK/IRE1",0.957652311624749
"4","PERK/ATF6",0.377462172220149
"4","IRE1/ATF6",0.39415366896546
"4","IRE1/ATF6",0.605026317096555
"0","PERK/IRE1",1.36989650329049
"0","PERK/ATF6",1.68333974001985
"0","IRE1/ATF6",1.22880796905201
"4","IRE1/ATF6",0.694329658775292
"4","PERK/IRE1",1.94719331878704
"4","PERK/ATF6",0.465225173399048
"4","IRE1/ATF6",0.238920896508031
"4","PERK/ATF6",0.150775367151236
"4","PERK/IRE1",0.367616286979937
"4","PERK/ATF6",0.286909145847634
"4","IRE1/ATF6",0.780458200600052
"8","PERK/IRE1",0.106557351594733
"8","PERK/ATF6",0.182707093247569
"8","IRE1/ATF6",1.71463620776213
"0","IRE1/ATF6",0.0190950662766299
"2","PERK/IRE1",2.49771150265981
"2","PERK/ATF6",0.165365141838605
"2","IRE1/ATF6",0.0662066622436209
"1","IRE1/ATF6",1.39818719009532
"0","PERK/IRE1",0.621407694823845
"0","PERK/ATF6",0.460540684450727
"0","IRE1/ATF6",0.741124849735374
"0","IRE1/ATF6",0.575687338747654
"2","PERK/IRE1",0.300962111932952
"2","PERK/ATF6",0.175581526752901
"2","IRE1/ATF6",0.583400766379579
"4","PERK/IRE1",0.225771841144353
"4","PERK/ATF6",0.178243980308845
"4","IRE1/ATF6",0.789487207108702
"2","IRE1/ATF6",0.293076512846195
"2","PERK/IRE1",2.33904685249898
"2","PERK/ATF6",0.352223243159999
"2","IRE1/ATF6",0.150584090602414
"2","IRE1/ATF6",0.123054369781188
"0","PERK/ATF6",0.716969632795997
"2","IRE1/ATF6",0.205085334284786
"2","PERK/IRE1",0.137422221880568
"2","PERK/ATF6",0.113762472421677
"2","IRE1/ATF6",0.827831706290902
"2","IRE1/ATF6",0.279915755331464
"2","IRE1/ATF6",2.287143079546
"8","PERK/IRE1",0.76961686230992
"3","IRE1/ATF6",0.656060518990579
"2","IRE1/ATF6",0.643811114430209
"0","IRE1/ATF6",0.151266501291582
"2","PERK/IRE1",0.587186802272775
"2","PERK/ATF6",0.179902260982198
"2","IRE1/ATF6",0.306379946357556
"2","PERK/IRE1",0.461054776200622
"2","PERK/ATF6",0.158292032867868
"2","IRE1/ATF6",0.343325871542408
"0","IRE1/ATF6",0.29024437817205
"2","PERK/IRE1",4.4925337151069
"2","PERK/ATF6",0.376374979876524
"2","IRE1/ATF6",0.0837778865433774
"2","PERK/IRE1",2.20532524955806
"0","PERK/IRE1",11.5133250162779
"0","PERK/ATF6",1.61996794889826
"0","IRE1/ATF6",0.140703745148156
"0","IRE1/ATF6",0.566579619904207
"1","PERK/ATF6",0.409001651145418
"8","IRE1/ATF6",0.254879763659407
"8","IRE1/ATF6",0.026889427332406
"2","IRE1/ATF6",0.262770759061971
"2","IRE1/ATF6",0.396946321670793
"2","IRE1/ATF6",0.0134709370363687
"5","PERK/IRE1",7.69761528323793
"2","IRE1/ATF6",0.36460303547508
"2","IRE1/ATF6",0.27024678772111
"2","IRE1/ATF6",0.417064107343689
"2","IRE1/ATF6",0.416278819732529
"2","IRE1/ATF6",0.12527186364846
"2","PERK/IRE1",0.326780995627899
"2","PERK/ATF6",0.0882820114311615
"2","IRE1/ATF6",0.270156504240801
"8","IRE1/ATF6",0.222583756580248
"8","IRE1/ATF6",0.582294812057568
"2","IRE1/ATF6",0.198036374810582
"2","PERK/IRE1",0.212214075870155
"2","PERK/ATF6",0.0764789367942071
"2","IRE1/ATF6",0.360385787232141
"0","PERK/IRE1",4.0014504732455
"8","IRE1/ATF6",0.146788630997832
"2","IRE1/ATF6",0.244607967245124
"2","IRE1/ATF6",0.630663070479566
"2","PERK/IRE1",0.963777539222205
"2","PERK/ATF6",0.326486857125869
"2","IRE1/ATF6",0.3387574869086
"0","PERK/IRE1",1.09564577391924
"0","IRE1/ATF6",0.354542603697216
"1","IRE1/ATF6",0.639944253400607
"2","IRE1/ATF6",4.31677214530037
"0","IRE1/ATF6",0.783856250915796
"2","IRE1/ATF6",0.364638459330061
"2","IRE1/ATF6",0.120551402103778
"2","PERK/IRE1",0.165364689535987
"2","PERK/ATF6",0.0405740850897345
"2","IRE1/ATF6",0.245361238868983
"2","IRE1/ATF6",0.25512628898446
"0","IRE1/ATF6",0.479853799357479
"2","IRE1/ATF6",0.499224178020708
"2","PERK/IRE1",1.85563662415482
"2","IRE1/ATF6",0.364426205257132
"2","PERK/IRE1",1.50308779970736
"2","PERK/ATF6",0.09606973547199
"2","IRE1/ATF6",0.0639149193351806
"1","IRE1/ATF6",0.0267542929997369
"0","IRE1/ATF6",0.312143553811484
"2","IRE1/ATF6",0.347010312710077
"0","IRE1/ATF6",0.229266727245591
"2","PERK/IRE1",8.60710124284244
"2","PERK/IRE1",0.0274281605445762
"2","PERK/ATF6",0.0140103898750678
"2","IRE1/ATF6",0.510803116100261
"8","PERK/ATF6",0.0203386366871728
"2","IRE1/ATF6",0.328307193183423
"2","IRE1/ATF6",0.0986623390585607
"2","IRE1/ATF6",0.429869921892945
"0","PERK/IRE1",0.650740189073504
"0","PERK/ATF6",0.144885228949163
"0","IRE1/ATF6",0.222646812632618
"0","PERK/IRE1",1.3455199260287
"0","PERK/ATF6",0.861742958061672
"0","IRE1/ATF6",0.640453509005331
"2","IRE1/ATF6",0.406681658071023
"2","PERK/IRE1",0.546887161792742
"2","PERK/ATF6",0.407345940367989
"2","IRE1/ATF6",0.74484458372121
"2","IRE1/ATF6",0.208663881424634
"8","IRE1/ATF6",0.569495514138338
"2","IRE1/ATF6",4.39782009192084
"2","IRE1/ATF6",0.45184740771239
"2","IRE1/ATF6",0.340617741235234
"2","IRE1/ATF6",0.209904327204887
"4","PERK/ATF6",0.165432266340336
"2","PERK/IRE1",5.52909750866286
"2","PERK/ATF6",0.393077890268655
"2","IRE1/ATF6",0.0710925950668785
"8","IRE1/ATF6",0.0788063697514648
"2","IRE1/ATF6",0.688532119012574
"2","IRE1/ATF6",0.252881159847767
"8","IRE1/ATF6",0.401197414288321
"2","IRE1/ATF6",0.508177117800926
"8","IRE1/ATF6",0.114503140331693
"2","PERK/IRE1",1.25003911323871
"2","IRE1/ATF6",2.11183883419999
"2","IRE1/ATF6",0.385851022686183
"2","PERK/IRE1",0.596958503094949
"2","PERK/ATF6",0.1084812179053
"2","IRE1/ATF6",0.181723214164596
"2","PERK/IRE1",0.0687184803087146
"2","PERK/ATF6",0.00839151219161985
"2","IRE1/ATF6",0.122114344699146
"1","IRE1/ATF6",0.750016650596661
"1","IRE1/ATF6",0.166497785242989
"1","PERK/IRE1",3.84001728505284
"1","PERK/ATF6",0.753748818743997
"1","IRE1/ATF6",0.196287871327544
"7","PERK/IRE1",0.284253150111709
"7","PERK/ATF6",0.0989926407503991
"7","IRE1/ATF6",0.348255210932565
"7","IRE1/ATF6",0.31814106332693
"1","IRE1/ATF6",0.182311489700322
"7","IRE1/ATF6",0.505615102891095
"7","PERK/IRE1",22.3457997681824
"1","PERK/IRE1",1.8620664713758
"1","PERK/ATF6",0.258260323304116
"1","IRE1/ATF6",0.138695544586708
"7","PERK/IRE1",0.0670313463428356
"7","PERK/ATF6",0.0219961394000981
"7","IRE1/ATF6",0.328147062533962
"7","PERK/IRE1",5.00114362539382
"7","PERK/ATF6",1.39508189960716
"7","IRE1/ATF6",0.278952576471407
"7","IRE1/ATF6",0.25699124052566
"7","PERK/IRE1",0.268924139133282
"7","PERK/ATF6",0.209171788042551
"7","IRE1/ATF6",0.777809640728766
"7","PERK/IRE1",0.0783917518346721
"7","PERK/ATF6",0.0482094059201985
"7","IRE1/ATF6",0.614980591604484
"1","IRE1/ATF6",0.179048518818722
"1","IRE1/ATF6",0.366970991790686
"7","IRE1/ATF6",0.611400524496583
"7","IRE1/ATF6",0.775553430433479
"7","PERK/IRE1",1.03815287029082
"7","PERK/ATF6",0.91450053226025
"7","IRE1/ATF6",0.880891974997933
"1","IRE1/ATF6",0.216165041128858
"7","IRE1/ATF6",0.430869162895884
"7","PERK/IRE1",0.838229276521683
"7","PERK/ATF6",0.370562041575923
"7","IRE1/ATF6",0.442077188133546
"1","IRE1/ATF6",0.479183876355404
"7","IRE1/ATF6",0.381119764153187
"7","PERK/IRE1",0.58765827100975
"7","PERK/ATF6",0.248159526556062
"7","IRE1/ATF6",0.422285431513894
"7","PERK/IRE1",0.920507381917162
"7","PERK/ATF6",0.374125146644647
"7","IRE1/ATF6",0.406433619104117
"7","PERK/IRE1",0.36694996978039
"7","PERK/ATF6",0.967552278075983
"7","IRE1/ATF6",2.63674167531622
"7","PERK/IRE1",0.0023046100954746
"7","PERK/ATF6",0.00126791551644627
"7","IRE1/ATF6",0.55016487124481
"7","IRE1/ATF6",0.439909047678267
"1","PERK/IRE1",2.22186766815601
"1","PERK/ATF6",0.853006261062912
"1","IRE1/ATF6",0.383914070710991
"7","IRE1/ATF6",0.541429261113671
"1","PERK/ATF6",1.01362283158302
"7","PERK/IRE1",0.29577545428795
"7","PERK/ATF6",0.166529126123668
"7","IRE1/ATF6",0.563025510431791
"7","PERK/IRE1",0.0555350920288249
"7","PERK/ATF6",0.0278378129970542
"7","IRE1/ATF6",0.501265271742149
"7","PERK/IRE1",0.447340627937149
"7","PERK/ATF6",0.221170305275416
"7","IRE1/ATF6",0.49441139807782
"7","PERK/IRE1",1.81749430632852
"7","PERK/ATF6",0.751309635298513
"7","IRE1/ATF6",0.413376610139822
"7","IRE1/ATF6",0.417602092669146
"1","PERK/ATF6",1.01723387885794
"7","PERK/IRE1",2.29402119555893
"7","PERK/ATF6",1.08831298753298
"7","IRE1/ATF6",0.474412786438016
"7","PERK/IRE1",0.388444005619432
"7","PERK/ATF6",0.258264234448382
"7","IRE1/ATF6",0.664868631545854
"7","PERK/IRE1",0.479996296814227
"7","PERK/ATF6",0.208283451622453
"7","IRE1/ATF6",0.433927205282305
"7","IRE1/ATF6",1.17248656057504
"7","PERK/IRE1",0.0483997910859688
"7","PERK/ATF6",0.0212863375455619
"7","IRE1/ATF6",0.439802260876553
"7","IRE1/ATF6",0.543934868897236
"7","PERK/IRE1",0.124715552963274
"7","PERK/ATF6",0.0526847635830497
"7","IRE1/ATF6",0.422439401752597
"7","PERK/IRE1",1.00938205371355
"7","PERK/ATF6",0.762053028098986
"7","IRE1/ATF6",0.754969860317381
"7","IRE1/ATF6",0.236030683382975
"7","PERK/IRE1",1.68017787304012
"6","PERK/IRE1",6.02034027853775
"6","IRE1/ATF6",0.389867144734575
"6","PERK/IRE1",0.235762138528325
"6","PERK/ATF6",0.1457729890812
"6","IRE1/ATF6",0.618305339403286
"1","PERK/IRE1",0.990447223695986
"1","PERK/ATF6",0.194385242913649
"1","IRE1/ATF6",0.196260071473849
"6","PERK/IRE1",0.0943683684717719
"6","PERK/ATF6",0.248320364750826
"6","IRE1/ATF6",2.63139406532291
"1","PERK/ATF6",1.14295489822559
"6","IRE1/ATF6",1.02561340522452
"6","PERK/IRE1",0.106627889079447
"6","PERK/ATF6",0.0911423934132066
"6","IRE1/ATF6",0.854770681479945
"1","IRE1/ATF6",0.662148687665663
"1","PERK/ATF6",0.0631334130457574
"7","IRE1/ATF6",0.268471003804461
"7","IRE1/ATF6",0.397219001886086
"7","IRE1/ATF6",1.00860971449042
"7","PERK/IRE1",1.14425909789157
"7","PERK/ATF6",0.539216927572837
"7","IRE1/ATF6",0.471236740495582
"7","IRE1/ATF6",0.430685595477066
"7","IRE1/ATF6",0.477447239913713
"7","IRE1/ATF6",0.380782039583605
"1","PERK/ATF6",1.97220982171859
"7","IRE1/ATF6",0.42005528229607
"7","PERK/IRE1",0.0958434745811783
"7","PERK/ATF6",0.0569838876885633
"7","IRE1/ATF6",0.594551563761377
"7","IRE1/ATF6",0.736583061605861
"7","IRE1/ATF6",0.625833289630931
"7","PERK/IRE1",0.178519012752263
"7","PERK/ATF6",0.091313642560398
"7","IRE1/ATF6",0.511506540130363
"1","IRE1/ATF6",0.0442851251872729
"7","PERK/IRE1",2.53676073930102
"7","PERK/ATF6",0.60512051521285
"7","IRE1/ATF6",0.23854063406058
"7","PERK/IRE1",0.10671998819813
"7","PERK/ATF6",0.0649417156309527
"7","IRE1/ATF6",0.608524389174271
"1","PERK/IRE1",0.000273722455218411
"1","PERK/ATF6",0.00231162105904891
"1","IRE1/ATF6",8.44512759175862
"7","IRE1/ATF6",0.589597636109183
"7","IRE1/ATF6",0.544419641624552
"7","IRE1/ATF6",0.801131159406554
"7","IRE1/ATF6",0.602517705144364
"7","PERK/IRE1",2.26900638145486
"7","PERK/ATF6",0.727826738062292
"7","IRE1/ATF6",0.320768925116736
"1","IRE1/ATF6",0.190490574514439
"1","PERK/ATF6",0.160389621517926
"7","IRE1/ATF6",0.243538585912678
"7","IRE1/ATF6",0.516285285948674
"7","IRE1/ATF6",0.611536754215209
"7","IRE1/ATF6",0.626452197366134
"7","IRE1/ATF6",0.837124871045381
"7","PERK/IRE1",6.55626129497697
"1","PERK/IRE1",2.66980728620871
"1","PERK/ATF6",29.0049134555385
"1","IRE1/ATF6",10.8640476057459
"7","PERK/IRE1",0.600930415661005
"7","PERK/ATF6",0.324194932721463
"7","IRE1/ATF6",0.539488307252443
"1","IRE1/ATF6",0.593642836202382
"7","IRE1/ATF6",1.1056421320885
"7","PERK/ATF6",0.791744079181567
"1","PERK/IRE1",0.586559077152824
"1","PERK/IRE1",1.08493142933933
"6","PERK/IRE1",0.0846391961103122
"6","PERK/ATF6",0.0357625910723907
"6","IRE1/ATF6",0.422529900045134
"6","PERK/IRE1",3.43302054314789
"6","PERK/ATF6",1040.11824467848
"6","PERK/ATF6",1.16709781384333
"1","PERK/IRE1",1.30224557646817
"1","PERK/ATF6",0.880181483988091
"1","IRE1/ATF6",0.675895161322214
"6","PERK/ATF6",0.445947556181437
"6","PERK/IRE1",0.565806522940469
"6","PERK/ATF6",0.146976160397979
"6","IRE1/ATF6",0.259763990761632
"6","PERK/ATF6",0.248921474832363
"6","PERK/IRE1",0.387706028885298
"6","PERK/ATF6",0.0720366977983846
"6","IRE1/ATF6",0.18580236682287
"6","PERK/IRE1",0.472361088094643
"6","PERK/ATF6",0.183230752063838
"6","IRE1/ATF6",0.387903992691129
"6","PERK/ATF6",1.60782165551419
"6","PERK/IRE1",0.967629195514141
"6","PERK/ATF6",0.913921931589745
"6","IRE1/ATF6",0.94449602784478
"6","IRE1/ATF6",0.416640470035109
"6","IRE1/ATF6",1.14097558604846
"6","PERK/IRE1",0.0301952156687409
"6","PERK/IRE1",1.15499923353531
"6","PERK/ATF6",0.729670575450214
"6","IRE1/ATF6",0.631749835207059
"1","PERK/IRE1",1.68960573243276
"1","PERK/ATF6",5.90261669059494
"1","IRE1/ATF6",3.49348760914543
"6","PERK/IRE1",1.07028707579714
"6","PERK/ATF6",0.326807883384981
"6","IRE1/ATF6",0.305346005548632
"6","IRE1/ATF6",0.0459837418559686
"6","PERK/IRE1",0.797363987581823
"6","PERK/ATF6",0.389519724631989
"6","IRE1/ATF6",0.488509301521493
"1","IRE1/ATF6",61.663814234801
"6","PERK/IRE1",1.85968811469176
"6","PERK/ATF6",1.16844577439692
"6","IRE1/ATF6",0.628302006753744
"6","PERK/IRE1",0.853812259045953
"6","PERK/ATF6",0.558673523550472
"6","IRE1/ATF6",0.654328299496111
"6","PERK/IRE1",0.142119824269284
"6","PERK/ATF6",0.0656784431026684
"6","IRE1/ATF6",0.462134283097781
"6","IRE1/ATF6",3.22570943272189
"6","IRE1/ATF6",0.46224484978373
"6","PERK/IRE1",2.4475925008402
"6","PERK/ATF6",0.201486330407018
"6","IRE1/ATF6",0.0823202107123028
"6","IRE1/ATF6",0.403177662279889
"1","PERK/IRE1",3.10630722307216
"6","IRE1/ATF6",0.709251243028431
"1","PERK/IRE1",3.65033080310823
"1","PERK/ATF6",1.16910748000734
"1","IRE1/ATF6",0.320274392395302
"6","IRE1/ATF6",0.439047739461767
"6","PERK/IRE1",0.34652039505459
"6","PERK/ATF6",0.176005958273584
"6","IRE1/ATF6",0.507923807041303
"6","PERK/IRE1",0.770507742420995
"6","PERK/ATF6",1.23128888688238
"6","IRE1/ATF6",1.59802273110661
"6","PERK/IRE1",1.02381254802658
"6","PERK/ATF6",0.442930755232154
"6","IRE1/ATF6",0.432628762057967
"6","PERK/IRE1",0.557251902574642
"6","PERK/ATF6",0.366861922175221
"6","IRE1/ATF6",0.65834126448062
"6","PERK/IRE1",1.38169701812858
"6","PERK/ATF6",1.23829426078733
"6","IRE1/ATF6",0.896212588244939
"1","PERK/IRE1",0.999825071456337
"1","PERK/IRE1",1.57055352443001
"6","IRE1/ATF6",0.404140829040647
"6","PERK/IRE1",0.781396755175718
"6","PERK/ATF6",0.630141906662612
"6","IRE1/ATF6",0.806430155345229
"6","IRE1/ATF6",1.03303316213886
"1","PERK/IRE1",1.06403730317886
"1","PERK/ATF6",0.550850922823513
"1","IRE1/ATF6",0.517698882527727
"6","IRE1/ATF6",0.348517344879047
"6","PERK/IRE1",0.515356272185657
"6","PERK/ATF6",0.619839976175121
"6","IRE1/ATF6",1.20274072448239
"1","PERK/IRE1",1.63384998839969
"1","PERK/ATF6",2.0350347031008
"1","IRE1/ATF6",1.24554562386358
"6","PERK/IRE1",3.81333397578621
"6","PERK/IRE1",0.0319260964801757
"6","PERK/ATF6",0.0195283599680851
"6","IRE1/ATF6",0.611673900697852
"6","IRE1/ATF6",0.532859168240001
"6","PERK/IRE1",0.0137374797370943
"6","PERK/ATF6",0.00896390856548511
"6","IRE1/ATF6",0.652514779787484
"1","PERK/IRE1",1.11973876308751
"6","IRE1/ATF6",1.33057148968646
"6","PERK/IRE1",0.123563150186455
"6","PERK/ATF6",0.0428143193807052
"6","IRE1/ATF6",0.346497473689355
"6","PERK/IRE1",0.0243143120765597
"6","PERK/ATF6",0.0147336070001247
"6","IRE1/ATF6",0.605964378253117
"1","PERK/ATF6",0.417789078438521
"1","PERK/ATF6",3.86610070771767
"6","PERK/IRE1",7.54361740491428
"6","PERK/ATF6",1.19083372147017
"6","IRE1/ATF6",0.157859771718328
"6","PERK/IRE1",0.48019555197257
"6","PERK/ATF6",0.418715405235071
"6","IRE1/ATF6",0.87196852098078
"6","PERK/IRE1",1.10631962496818
"6","PERK/ATF6",0.49338757201889
"6","IRE1/ATF6",0.44597199659464
"1","PERK/IRE1",0.634181732493973
"6","PERK/IRE1",2.49714455572604
"6","PERK/ATF6",0.583382663375956
"6","IRE1/ATF6",0.233619900793585
"1","PERK/IRE1",2.02215907095984
"1","PERK/ATF6",0.965130181739804
"1","IRE1/ATF6",0.477277082500583
"1","IRE1/ATF6",1.66955468566296
"6","PERK/IRE1",0.259149708086098
"6","PERK/ATF6",0.248927713266276
"6","IRE1/ATF6",0.960555638301449
"1","PERK/ATF6",0.114876104755359
"1","IRE1/ATF6",0.0131797943188981
"1","PERK/IRE1",1.29389336395841
"1","PERK/ATF6",0.584116100554519
"1","IRE1/ATF6",0.451440680372245
"6","PERK/IRE1",0.535695754829185
"6","PERK/ATF6",0.119366380188999
"6","IRE1/ATF6",0.22282495075411
"6","PERK/IRE1",9.89302143689866
"6","PERK/ATF6",4.23518606831313
"6","IRE1/ATF6",0.428098341373938
"1","PERK/IRE1",2.06308776577849
"1","PERK/ATF6",1.92255620307105
"1","IRE1/ATF6",0.931882896579339
"1","PERK/IRE1",2.93034284870932
"1","PERK/ATF6",4.07230881114901
"1","IRE1/ATF6",1.38970387473352
"1","PERK/IRE1",0.640881822066303
"1","PERK/ATF6",0.941106716660567
"1","IRE1/ATF6",1.46845593720585
"6","PERK/IRE1",0.33466724470239
"6","PERK/ATF6",0.188766077830424
"6","IRE1/ATF6",0.564041091019493
"1","PERK/IRE1",1.52102314181651
"1","PERK/ATF6",0.964813917516136
"1","IRE1/ATF6",0.634319025786739
"6","IRE1/ATF6",0.469934546117674
"6","PERK/IRE1",1.85905469100532
"6","PERK/ATF6",2.25204689710805
"6","IRE1/ATF6",1.21139356900264
"1","PERK/IRE1",3.27217098454269
"6","PERK/IRE1",0.251586899994211
"6","PERK/ATF6",0.166938374936113
"6","IRE1/ATF6",0.663541603080105
"1","PERK/IRE1",2.98797996638231
"1","PERK/ATF6",0.792294111986583
"6","IRE1/ATF6",0.806404623238703
"1","PERK/ATF6",0.341946471088433
"6","PERK/IRE1",0.333295253114947
"6","PERK/ATF6",0.188853737912548
"6","IRE1/ATF6",0.566625945456881
"6","IRE1/ATF6",0.554282082631654
"6","PERK/IRE1",0.0801831008217504
"6","PERK/ATF6",0.0517584537955677
"6","IRE1/ATF6",0.645503270204384
"6","IRE1/ATF6",0.471193472487673
"6","IRE1/ATF6",0.0912011217146688
"6","PERK/IRE1",4.8997820017579
"6","PERK/IRE1",0.491725440205706
"6","PERK/ATF6",0.258038867463495
"6","IRE1/ATF6",0.524762085434401
"1","PERK/IRE1",16.9692094689112
"6","IRE1/ATF6",1.74371510646535
"1","PERK/IRE1",1.87905685859818
"1","PERK/ATF6",2.36879776413155
"1","IRE1/ATF6",1.26063123278703
"6","IRE1/ATF6",3.26865241689044
"6","PERK/IRE1",0.243878816824828
"6","PERK/ATF6",0.130496607357348
"6","IRE1/ATF6",0.535087913974425
"0","IRE1/ATF6",0.0834353838880104
"3","IRE1/ATF6",0.370676063252617
"5","IRE1/ATF6",0.338811454076589
"0","IRE1/ATF6",0.179847125673806
"4","PERK/IRE1",0.516006639855659
"4","PERK/ATF6",0.191332610493414
"4","IRE1/ATF6",0.370794861374138
"0","IRE1/ATF6",0.0988518877221015
"0","PERK/IRE1",0.662395584240975
"0","PERK/ATF6",0.15846466622397
"0","IRE1/ATF6",0.239229653690326
"7","PERK/IRE1",0.425126508192154
"7","PERK/ATF6",0.0777122353540258
"7","IRE1/ATF6",0.182797905697521
"6","IRE1/ATF6",0.337971416331904
"0","PERK/IRE1",2.36449281088665
"0","PERK/ATF6",0.226135662851712
"0","IRE1/ATF6",0.0956381266250984
"0","IRE1/ATF6",0.197220962167319
