"cell_id","cluster_factor","UPR_PERK","UPR_IRE1","UPR_ATF6","UPR_State"
"SRR1294492","0",0.604484315575782,0.288977108549367,0.894704235300808,"Multi-arm-high"
"SRR1294493","0",-0.249028290561168,-0.137458576299851,-0.38937532606454,"All-low"
"SRR1294494","0",-0.160070319964689,-0.106852226107976,-0.200661047767084,"All-low"
"SRR1294496","0",-0.168946145403566,0.415410527502841,0.337519614723843,"IRE1-high"
"SRR1294497","0",0.54162034688982,-0.0658304676087006,0.49128514420676,"PERK-high"
"SRR1294498","0",-0.0026489496068024,-0.153044494969967,0.596566730328799,"Intermediate/Mixed"
"SRR1294499","0",-0.131506368990215,-0.325630048171092,0.210555115091118,"Intermediate/Mixed"
"SRR1294500","0",-0.0932175174507234,0.379576166935346,0.862098229374842,"Multi-arm-high"
"SRR1294501","0",-0.11434903968939,0.0901496808408574,0.146380824772959,"Intermediate/Mixed"
"SRR1294502","0",0.373747089700255,-0.171101911851832,-0.332365563985636,"PERK-high"
"SRR1294503","0",0.721265090958076,0.300567537808273,0.720700309184428,"PERK-high"
"SRR1294504","0",-0.111250339568315,0.0743610700215542,0.251418979970722,"Intermediate/Mixed"
"SRR1294505","0",0.423923631191505,-0.0146940079043285,0.541657407796864,"PERK-high"
"SRR1294506","0",-0.106666462155519,-0.33666883046836,-0.516324474628766,"Intermediate/Mixed"
"SRR1294507","0",1.30416534238418,0.909128866510568,1.35210612317058,"Multi-arm-high"
"SRR1294508","0",0.0329563787687376,-0.0353562870588716,-0.112699193682543,"Intermediate/Mixed"
"SRR1294509","0",-0.044452046043796,0.176530372320462,0.630856662058829,"Intermediate/Mixed"
"SRR1294510","0",-0.0285527478373952,-0.135571329000881,-0.195319670988199,"Intermediate/Mixed"
"SRR1294511","0",0.311022004973958,-0.330194976019656,-0.299966703317689,"PERK-high"
"SRR1294512","0",-0.14754391342101,0.089037739637591,-0.212404787386404,"Intermediate/Mixed"
"SRR1294513","0",-0.0724534113569093,-0.40387110772136,0.237047024736004,"Intermediate/Mixed"
"SRR1294515","0",-0.00174822881303899,-0.17267748223335,-0.559544156386178,"Intermediate/Mixed"
"SRR1294516","0",-0.22282278613143,-0.0167501734490276,0.411821066323701,"Intermediate/Mixed"
"SRR1294517","0",0.191837747477824,-0.30774158160695,-0.317392119410383,"PERK-high"
"SRR1294519","0",0.804988515758624,0.123915428182641,1.3263769612282,"Multi-arm-high"
"SRR1294520","0",0.00418959561009757,-0.350114122134931,-0.526308992611787,"Intermediate/Mixed"
"SRR1294521","0",0.248544651221267,-0.288963951699318,0.168986481016168,"PERK-high"
"SRR1294522","0",-0.160165585346473,0.103846962204483,0.112096761232812,"Intermediate/Mixed"
"SRR1294524","0",-0.135292142369747,-0.217099177253851,-0.385511803917868,"All-low"
"SRR1294525","0",0.678909419840091,0.306518875615762,0.876328263718091,"Multi-arm-high"
"SRR1294527","0",-0.00406557897469062,0.0415850814132985,0.0194777823286224,"Intermediate/Mixed"
"SRR1294528","0",-0.208576848072635,-0.122366800502231,-0.302851322906241,"All-low"
"SRR1294529","0",-0.1973285565367,0.0235562204523284,0.372448028787608,"Intermediate/Mixed"
"SRR1294530","0",-0.0524502727386732,-0.0952905932307017,0.086474944947734,"Intermediate/Mixed"
"SRR1294531","0",0.37330823632585,-0.240473654539381,-0.376378752171834,"PERK-high"
"SRR1294532","0",-0.0860757298007628,-0.204168717266174,-0.25649706894322,"Intermediate/Mixed"
"SRR1294533","0",0.0214700936009876,-0.14642063334971,0.00620702779369064,"Intermediate/Mixed"
"SRR1294534","0",-0.179592835142531,-0.0340355318755058,-0.116464115489325,"All-low"
"SRR1294535","0",-0.138684103092108,0.0509350995810852,0.0481163651758381,"Intermediate/Mixed"
"SRR1294536","0",-0.151840614181757,0.12523294083261,-0.239618153501321,"Intermediate/Mixed"
"SRR1294537","0",0.315530954270919,0.328214396827077,0.0428254871525823,"PERK-high"
"SRR1294539","0",-0.0561639662725075,-0.18469045890047,-0.301604899876662,"Intermediate/Mixed"
"SRR1294540","0",-0.189403089524632,-0.194219177314496,-0.213330733393156,"All-low"
"SRR1294541","0",0.104282948709371,-0.0508789884604268,0.947467337111429,"Multi-arm-high"
"SRR1294542","0",0.117066532723643,0.61145860110169,1.48724863885845,"Multi-arm-high"
"SRR1294543","0",-0.220412081841151,-0.137028241161111,-0.299754464821369,"All-low"
"SRR1294544","0",-0.189615122915231,-0.0930344578186995,0.053669132559612,"All-low"
"SRR1294545","0",0.0183754843202226,-0.260739354837661,-0.184495095076559,"Intermediate/Mixed"
"SRR1294546","0",-0.106802772500047,-0.213856793867223,-0.385912087168072,"Intermediate/Mixed"
"SRR1294547","0",-0.0352395030777214,0.231998920392722,0.289273290327728,"Intermediate/Mixed"
"SRR1294548","0",-0.0558188183056337,-0.161888018753012,-0.439951427312633,"Intermediate/Mixed"
"SRR1294549","0",0.0870452095487286,-0.110793089126242,0.140096651254747,"Intermediate/Mixed"
"SRR1294551","0",-0.255560989126098,-0.0165520185708989,0.177046194795771,"Intermediate/Mixed"
"SRR1294552","0",-0.249628074190592,0.685421888485497,1.04022052841115,"Multi-arm-high"
"SRR1294553","0",-0.0620482683315317,0.263195421918708,-0.0148816605921963,"Intermediate/Mixed"
"SRR1294554","0",-0.0708816085667134,-0.103733075276479,-0.217085941789361,"Intermediate/Mixed"
"SRR1294555","0",0.350235972037687,0.114612720927246,-0.0479390141877234,"PERK-high"
"SRR1294556","0",0.266362815908185,0.101265232159958,0.266794545836281,"PERK-high"
"SRR1294557","0",-0.137946548677621,0.0189922392314799,-0.381316311816027,"Intermediate/Mixed"
"SRR1294559","0",0.0126008131763301,0.250020325211834,-0.0416685127694371,"Intermediate/Mixed"
"SRR1294560","0",-0.00022846026084683,-0.312879877054559,-0.0580896070169636,"Intermediate/Mixed"
"SRR1294561","0",-0.0236914197116123,-0.134994668680297,0.809610649745072,"ATF6-high"
"SRR1294562","0",-0.0430868783736456,0.070099531559193,0.106249305735796,"Intermediate/Mixed"
"SRR1294563","0",0.203444218449238,0.511948388381442,0.711724877071228,"Multi-arm-high"
"SRR1294565","0",-0.253756302165155,-0.250731204902707,0.0113086234120876,"All-low"
"SRR1294566","0",0.0859028730912427,0.224280415035363,1.33326778757741,"ATF6-high"
"SRR1294567","0",-0.17196456616579,-0.293693316047786,-0.384587126353737,"All-low"
"SRR1294568","0",0.0779524922966208,0.0642999451625846,-0.352898304598704,"Intermediate/Mixed"
"SRR1294569","0",0.11217342360488,-0.17427903415856,-0.265130507498863,"PERK-high"
"SRR1294570","0",0.384287657743385,-0.209146574476169,-0.263532819320972,"PERK-high"
"SRR1294571","0",0.385555869077376,-0.0213190239353545,0.404416123247765,"PERK-high"
"SRR1294572","0",0.126048466865108,0.33118535033582,0.254003929663047,"Multi-arm-high"
"SRR1294573","0",-0.205482232730843,0.0773459263445255,0.653092079010007,"Intermediate/Mixed"
"SRR1294574","0",-0.0888058805645458,0.425188195682355,0.0392088646798944,"IRE1-high"
"SRR1294576","0",0.348485448267478,0.698489937148396,1.16893675557321,"Multi-arm-high"
"SRR1294577","0",0.20723296391158,0.611469468336982,0.656916883510816,"Multi-arm-high"
"SRR1294578","0",0.394058872260714,0.412837384714914,0.516321354222009,"Multi-arm-high"
"SRR1294579","0",0.115403960325458,-0.267986535694944,-0.34959439798852,"PERK-high"
"SRR1294580","0",0.0584806831119639,-0.319848200170719,-0.197373064446587,"Intermediate/Mixed"
"SRR1294581","0",-0.103850874175419,-0.208742101176077,0.126967327142443,"Intermediate/Mixed"
"SRR1294582","0",0.444163752971451,0.51783728803588,0.2507122770332,"Multi-arm-high"
"SRR1294583","0",0.000638336466944833,-0.149933859995553,0.0403134237549793,"Intermediate/Mixed"
"SRR1294584","0",-0.0838247362453179,0.257661689900311,0.514377253754714,"Intermediate/Mixed"
"SRR1294585","0",-0.158464929403611,-0.270769363798585,-0.439233459179078,"All-low"
"SRR1294586","0",0.122120536224542,0.140188545715972,0.783698988056183,"Multi-arm-high"
"SRR1294587","0",0.419193892336086,0.624496910403326,0.955967338023577,"Multi-arm-high"
"SRR1294588","0",-0.0703471810368108,-0.237542055117602,0.319642051877525,"Intermediate/Mixed"
"SRR1294589","0",-0.273190423830166,0.106345059258266,0.545827505917119,"Intermediate/Mixed"
"SRR1294590","0",-0.0631431400760639,-0.219520785405834,-0.246888411315791,"Intermediate/Mixed"
"SRR1294591","0",-0.182389859788659,-0.260679761433793,-0.257989902836534,"All-low"
"SRR1294592","0",-0.0988211383220731,0.0508839941510094,0.730687817474794,"Intermediate/Mixed"
"SRR1294593","0",-0.0898074278807359,-0.126768350388732,0.0413126214186639,"Intermediate/Mixed"
"SRR1294594","0",-0.0880852373058502,-0.0223368170211766,0.155739350372476,"Intermediate/Mixed"
"SRR1294595","0",0.343051783312932,0.517302337511265,0.585237246424362,"Multi-arm-high"
"SRR1294596","0",0.0574199818759774,-0.0680577365076264,0.188774946777043,"Intermediate/Mixed"
"SRR1294597","0",-0.199116032911997,-0.173169064310429,-0.528520404384317,"All-low"
"SRR1294598","0",-0.094171122139937,-0.0534741383302569,0.742676735922899,"Intermediate/Mixed"
"SRR1294599","0",-0.126168775623743,-0.183017005216678,-0.163217794926763,"Intermediate/Mixed"
"SRR1294600","0",0.0838532165272486,0.164532581409944,0.736022970378912,"Intermediate/Mixed"
"SRR1294601","0",-0.087294234284417,0.0872896015355695,0.348959023622951,"Intermediate/Mixed"
"SRR1294602","0",-0.136017165281983,-0.0831900991224938,-0.534399987241274,"All-low"
"SRR1294603","0",0.457853502122467,0.160796764401908,0.871672458479217,"Multi-arm-high"
"SRR1294604","0",0.106009085398146,-0.0665191042424819,0.27756798131939,"PERK-high"
"SRR1294605","0",-0.100125901212802,0.0614849357340765,-0.184662117325777,"Intermediate/Mixed"
"SRR1294606","0",-0.127329492946186,-0.194543234094707,0.115288245361183,"Intermediate/Mixed"
"SRR1294608","0",-0.141934714595732,0.0966101855643466,0.921330566522439,"ATF6-high"
"SRR1294609","0",0.356911011481492,0.120561944000015,0.789565263510915,"Multi-arm-high"
"SRR1294610","0",-0.132379589850309,-0.0993593575037922,0.70121903129922,"Intermediate/Mixed"
"SRR1294611","0",-0.151871449121756,0.028039980615684,0.539644079170404,"Intermediate/Mixed"
"SRR1294612","0",-0.253665818501759,0.388695277053491,0.448179187963537,"IRE1-high"
"SRR1294613","0",0.0281985811348037,0.136649150645654,-0.19710086240472,"Intermediate/Mixed"
"SRR1294614","0",-0.0173332926085557,-0.223539652008104,-0.0522797191787004,"Intermediate/Mixed"
"SRR1294615","0",0.371193083641789,0.175641839122746,0.348793546287635,"PERK-high"
"SRR1294617","0",-0.216457188633385,0.00254363799128854,0.119740573863091,"Intermediate/Mixed"
"SRR1294619","0",0.11701417841632,0.0534092956317356,0.338803356976367,"PERK-high"
"SRR1294620","0",0.222675375675382,0.0708304473092803,0.566425764272407,"PERK-high"
"SRR1294621","0",0.283881453752397,0.56161434335021,-0.0717243914280927,"Multi-arm-high"
"SRR1294622","0",-0.14764332217848,-0.0615227167364523,0.00717908089432667,"All-low"
"SRR1294623","0",-0.136773115736609,-0.279517178335945,-0.240558365777924,"All-low"
"SRR1294624","0",0.257762410263675,0.382539250771342,0.576867663589569,"Multi-arm-high"
"SRR1294625","0",0.0380194871843662,-0.00745409585167522,0.789825627577296,"ATF6-high"
"SRR1294627","0",-0.129364682168793,0.130600341854762,-0.131272026783976,"Intermediate/Mixed"
"SRR1294628","0",-0.0566676969428722,0.296608682858666,0.601051419709343,"Intermediate/Mixed"
"SRR1294629","0",-0.093684596447044,-0.0380380518168149,0.108811933479483,"Intermediate/Mixed"
"SRR1294631","0",0.920901997813155,0.0735233510767536,-0.0530425779040837,"PERK-high"
"SRR1294632","0",0.224558139178281,0.516243625180766,1.12681016125587,"Multi-arm-high"
"SRR1294633","0",-0.239433629129993,0.0476189420172259,0.590152774136507,"Intermediate/Mixed"
"SRR1294635","0",-0.112803292654655,0.100143864020886,0.11858036700694,"Intermediate/Mixed"
"SRR1294636","0",0.0390943286155001,0.0235836139361058,-0.27936355232318,"Intermediate/Mixed"
"SRR1294637","0",0.0818886585563864,-0.10824919261517,-0.304778761241294,"Intermediate/Mixed"
"SRR1294638","0",-0.21999621791438,-0.0163654042401979,0.0628356450089238,"Intermediate/Mixed"
"SRR1294639","0",-0.137602580460716,-0.31393920192271,-0.377071794182168,"All-low"
"SRR1294640","0",-0.0652274470441739,-0.332727895679835,0.265966900943937,"Intermediate/Mixed"
"SRR1294641","0",0.186552826622033,-0.0114777916687338,-0.0860352200448888,"PERK-high"
"SRR1294643","0",-0.153133738506582,-0.196815346020109,-0.165817320044124,"All-low"
"SRR1294644","0",-0.126739850510143,-0.0171422142450937,0.480804099968558,"Intermediate/Mixed"
"SRR1294645","0",-0.0107175430940387,-0.250829634228997,-0.276173806802087,"Intermediate/Mixed"
"SRR1294647","0",-0.182484806454403,0.250481694750656,0.292607004366232,"Intermediate/Mixed"
"SRR1294648","0",0.0346697238071285,0.383350371592556,0.516478054084788,"IRE1-high"
"SRR1294649","0",-0.222400673862641,-0.123749706682737,-0.0292287390796895,"All-low"
"SRR1294650","0",-0.174468582158133,0.331053208597947,0.46255563116757,"IRE1-high"
"SRR1294651","0",-0.182140070682351,-0.171822219017526,0.379749190208218,"Intermediate/Mixed"
"SRR1294653","0",-0.145667999304142,-0.234052993574065,-0.421399947693634,"All-low"
"SRR1294654","0",-0.0862794239349187,-0.088483643446994,-0.0885833436104662,"Intermediate/Mixed"
"SRR1294656","0",-0.229822575438874,0.548522592338103,1.2478989953032,"Multi-arm-high"
"SRR1294657","0",-0.0836813002268896,0.336692157401331,0.425492425391584,"IRE1-high"
"SRR1294658","0",-0.122460630855731,-0.151373600768763,0.094061186002492,"Intermediate/Mixed"
"SRR1294659","0",-0.226143309503479,0.0817882530831189,-0.027447457672537,"Intermediate/Mixed"
"SRR1294660","0",-0.0775074772451227,0.165893749108744,0.295215528239115,"Intermediate/Mixed"
"SRR1294662","0",-0.0736224395828477,0.241928631406688,0.275532636217995,"Intermediate/Mixed"
"SRR1294663","0",0.0236317092901414,-0.245380047022212,-0.290173411500338,"Intermediate/Mixed"
"SRR1294664","0",-0.148637811589629,0.0663776586867014,0.239216546664812,"Intermediate/Mixed"
"SRR1294665","0",0.232449095586243,0.157045507483006,0.268622429197686,"PERK-high"
"SRR1294667","0",-0.113558152823365,0.297747639100971,0.570608139622619,"Intermediate/Mixed"
"SRR1294668","0",-0.0662514858547747,0.0613394797756671,0.804136980363458,"ATF6-high"
"SRR1294669","0",0.503274405939317,0.411062865834113,1.1345886540901,"Multi-arm-high"
"SRR1294670","0",-0.11356346519779,0.335827732446124,0.363188993999098,"IRE1-high"
"SRR1294671","0",-0.113678195062496,-0.187088945560686,-0.289212295558731,"Intermediate/Mixed"
"SRR1294672","0",0.499685242720927,0.0409867303080603,0.295333824706167,"PERK-high"
"SRR1294673","0",-0.214217522584463,-0.138288918706878,0.289840350008016,"Intermediate/Mixed"
"SRR1294674","0",0.446593015855767,0.376258146735523,0.970058651119172,"Multi-arm-high"
"SRR1294675","0",-0.121112470802827,-0.0391549442859371,-0.202705103339755,"Intermediate/Mixed"
"SRR1294676","0",0.00583542154680083,-0.0749461186200159,0.16946223243222,"Intermediate/Mixed"
"SRR1294679","0",-0.26777806647227,0.0208323705322782,0.622267570925145,"Intermediate/Mixed"
"SRR1294680","0",0.026168973176933,0.336608879912062,0.887252081403801,"Multi-arm-high"
"SRR1294681","0",-0.0942235284391114,0.353671559109059,0.498021593233107,"IRE1-high"
"SRR1294682","0",-0.151213728353975,-0.31466144111174,-0.126955135034255,"All-low"
"SRR1294683","0",-0.0603888626637442,-0.12339181956025,0.432226926941947,"Intermediate/Mixed"
"SRR1294782","0",0.190744753481323,0.0478439269300831,0.125969196682043,"PERK-high"
"SRR1294856","0",-0.113937656346239,-0.272100722897276,-0.455203906654662,"Intermediate/Mixed"
"SRR1294863","0",-0.037821870117251,0.0298974981528891,-0.121088840881442,"Intermediate/Mixed"
"SRR1294877","0",-0.0960471042880384,0.0533154404654176,0.653541835314431,"Intermediate/Mixed"
"SRR1294880","0",-0.105715796750619,-0.225686933511084,-0.298912798542066,"Intermediate/Mixed"
"SRR1294881","0",-0.168035913682535,0.3126312724968,0.536743068231949,"Intermediate/Mixed"
"SRR1294887","0",-0.271566819120627,-0.0288438394910283,-0.409913320448343,"All-low"
"SRR1294895","0",-0.204963749762019,0.0633359131615761,0.624740053132454,"Intermediate/Mixed"
"SRR1294898","0",-0.0860347107839185,0.254031907426306,0.932485958619697,"ATF6-high"
"SRR1294901","0",0.891702578212239,0.0228211994154301,0.586551616201032,"PERK-high"
"SRR1294920","0",-0.106747812595508,-0.0326675551409886,0.13974183318162,"Intermediate/Mixed"
"SRR1294925","0",-0.108630995901859,-0.0881054717570751,-0.0166149343574796,"Intermediate/Mixed"
"SRR1294926","0",-0.182414873737842,0.377667827386122,1.32923855756964,"Multi-arm-high"
"SRR1294929","0",-0.0768962812573865,0.0484890435629367,-0.0815114150444973,"Intermediate/Mixed"
"SRR1294934","0",-0.213281787577297,0.268102208113267,0.535293426425852,"Intermediate/Mixed"
"SRR1294940","0",-0.0855636472447397,0.620911813016374,1.93974140408783,"Multi-arm-high"
"SRR1294942","0",-0.144966147472843,0.059184701279955,0.243981276799274,"Intermediate/Mixed"
"SRR1294949","0",0.22252511276471,0.403451857744388,1.76259366544502,"Multi-arm-high"
"SRR1294952","0",0.166686344913568,0.230526198374687,0.243061098523662,"PERK-high"
"SRR1295003","0",-0.0459885740078855,1.08985104007874,1.97334231987042,"Multi-arm-high"
"SRR1295032","0",-0.125273678458549,-0.195776825128896,-0.188189309733179,"Intermediate/Mixed"
"SRR1295053","0",0.287397099130366,0.386487194482193,0.0396812419250629,"Multi-arm-high"
"SRR1295060","0",-0.129138143797854,-0.202737074857452,-0.217533643603612,"Intermediate/Mixed"
"SRR1295063","0",0.356762479976462,0.260160225693778,0.211531357438424,"PERK-high"
"SRR1295069","0",-0.0469856989875357,0.0142673327287502,0.798543322215938,"ATF6-high"
"SRR1295072","0",-0.108017055793683,-0.173217139705712,-0.233372642432923,"Intermediate/Mixed"
"SRR1295073","0",-0.0974278074629034,0.385752775156618,0.670810458777774,"IRE1-high"
"SRR1295079","0",-0.220655277544597,0.0389185207325377,-0.307366221799378,"Intermediate/Mixed"
"SRR1295087","0",-0.16850728536487,0.099398142462104,0.66271696049594,"Intermediate/Mixed"
"SRR1295090","0",-0.0931403412081551,0.270348910651401,0.933898075753777,"ATF6-high"
"SRR1295093","0",0.999414721760926,0.0858919031076175,0.616552169745896,"PERK-high"
"SRR1295094","0",-0.0870641823881326,0.143830628958447,0.254622729569649,"Intermediate/Mixed"
"SRR1295112","0",-0.0383615699452868,-0.0103370067167128,0.250627961066275,"Intermediate/Mixed"
"SRR1295117","0",-0.0983402779155945,-0.089842836099662,0.0155591057535653,"Intermediate/Mixed"
"SRR1295118","0",-0.114634144343394,0.516937453741286,1.45986097507089,"Multi-arm-high"
"SRR1295121","0",0.0368142226465002,-0.0102912606194598,-0.0128532710667353,"Intermediate/Mixed"
"SRR1295126","0",-0.130870710841464,0.321195727864821,0.670445611759747,"Intermediate/Mixed"
"SRR1295132","0",-0.0830753174327045,0.633951654042498,2.03316551868302,"Multi-arm-high"
"SRR1295134","0",-0.133306409573743,0.0695377920754958,0.306666938517143,"Intermediate/Mixed"
"SRR1295141","0",0.260095400851869,0.400228332345057,1.80108433078766,"Multi-arm-high"
"SRR1295142","0",-0.110197411500643,-0.0821562945953086,-0.127716917706252,"Intermediate/Mixed"
"SRR1295356","0",-0.0541241042238402,0.0266353315364821,0.330218366221879,"Intermediate/Mixed"
"SRR1295359","0",-0.10324685619611,0.105772887360078,0.592686926938911,"Intermediate/Mixed"
"SRR1295361","0",-0.0545637353027815,0.0482042770022457,0.496757585981279,"Intermediate/Mixed"
"SRR1295362","0",0.161002578477108,0.243570740402419,1.02132619004251,"Multi-arm-high"
"SRR1295365","0",0.164176423639734,0.0688570208711252,0.729430669611135,"PERK-high"
"SRR1295366","0",-0.143061228011225,0.0109265195123327,0.0594728796638485,"Intermediate/Mixed"
"SRR1294495","1",-0.0723568051684167,-0.202237345171209,-0.250660209064476,"Intermediate/Mixed"
"SRR1294514","1",-0.147328383701022,-0.0251304868968552,-0.253327549948553,"All-low"
"SRR1294523","1",-0.0369182763494533,-0.133591457549888,0.140600427032491,"Intermediate/Mixed"
"SRR1294526","1",-0.0811593531964848,-0.0768290731297862,0.322429624909769,"Intermediate/Mixed"
"SRR1294538","1",-0.185595441971924,0.0628677441980722,-0.404648251058439,"Intermediate/Mixed"
"SRR1294550","1",-0.00919288452206918,-0.0335607015594457,-0.0824876989499085,"Intermediate/Mixed"
"SRR1294558","1",-0.0872874548589146,-0.11311221257233,-0.283787220719894,"Intermediate/Mixed"
"SRR1294607","1",-0.0252929634208532,-0.0179127276990294,0.130722529655391,"Intermediate/Mixed"
"SRR1294618","1",-0.151607711565686,-0.130102623520539,-0.0414796384342995,"All-low"
"SRR1294630","1",-0.11243652052572,-0.117319925649702,-0.369030332293183,"Intermediate/Mixed"
"SRR1294634","1",-0.128382884157133,0.0551844109966084,-0.157989111111587,"Intermediate/Mixed"
"SRR1294642","1",-0.0862130991780491,-0.194355508212596,-0.298967640125224,"Intermediate/Mixed"
"SRR1294655","1",-0.0822288002073322,-0.0968105308596601,-0.221522841255738,"Intermediate/Mixed"
"SRR1294666","1",-0.102341772824833,-0.174125229019304,-0.339118738722428,"Intermediate/Mixed"
"SRR1294677","1",-0.125184536451235,-0.09617403392546,-0.0362725398925851,"Intermediate/Mixed"
"SRR1294678","1",-0.131982581855814,-0.195652288760533,-0.388177776386353,"Intermediate/Mixed"
"SRR1294788","1",-0.176195865095537,0.0120304265942461,-0.211676973725096,"Intermediate/Mixed"
"SRR1294792","1",-0.00302607948875358,0.13253358178554,0.611641180599382,"Intermediate/Mixed"
"SRR1294798","1",0.0176934769263666,0.264985136648846,0.269119880271592,"Intermediate/Mixed"
"SRR1294805","1",-0.216394941186616,0.198722442173376,0.271974696372156,"Intermediate/Mixed"
"SRR1294808","1",-0.0350549820129886,-0.0184254486865542,0.501953962791738,"Intermediate/Mixed"
"SRR1294809","1",0.539679432325696,0.329121954366526,0.688411968315618,"PERK-high"
"SRR1294816","1",0.141206000727841,0.0199007693067691,0.293474092441781,"PERK-high"
"SRR1294821","1",-0.0702827341833371,0.162040500361529,0.340030199832129,"Intermediate/Mixed"
"SRR1294835","1",0.0516809493949157,0.11807619200482,0.0669172308589443,"Intermediate/Mixed"
"SRR1294837","1",-0.0245951836840773,0.0268255508160242,0.284942319994218,"Intermediate/Mixed"
"SRR1294838","1",-0.0622643946100359,0.290498482240256,0.311444633810784,"Intermediate/Mixed"
"SRR1294846","1",-0.020906307975594,0.366481677549991,0.682171995356039,"IRE1-high"
"SRR1294847","1",0.0462402924339317,0.156343688493674,0.138377170968168,"Intermediate/Mixed"
"SRR1294848","1",0.221855840803066,-0.00207212880653576,0.227743279306674,"PERK-high"
"SRR1294852","1",-0.103726635044467,-0.0374875903520642,-0.0622573429814873,"Intermediate/Mixed"
"SRR1294853","1",-0.00853883034576144,0.0770664634652917,-0.0419755090758919,"Intermediate/Mixed"
"SRR1294861","1",-0.0472735944531347,-0.120175937755269,-0.137206930374808,"Intermediate/Mixed"
"SRR1294878","1",0.0207958460635883,-0.242077991652682,-0.220338396310072,"Intermediate/Mixed"
"SRR1294879","1",-0.211399858797543,0.172147718782287,-0.462914362226915,"Intermediate/Mixed"
"SRR1294885","1",-0.0838108012868904,-0.0651378268713553,-0.246287344150271,"Intermediate/Mixed"
"SRR1294888","1",-0.10565409510296,0.0166916813872915,-0.141100550542655,"Intermediate/Mixed"
"SRR1294891","1",-0.106605144407872,-0.185034770968044,-0.053851999240504,"Intermediate/Mixed"
"SRR1294902","1",-0.0480818111874034,-0.0802989452754806,-0.297217307193326,"Intermediate/Mixed"
"SRR1294903","1",0.0426209813572273,-0.0304176129739946,-0.0529879565294124,"Intermediate/Mixed"
"SRR1294927","1",-0.0172452668663858,-0.0262148029303915,-0.0273367225118356,"Intermediate/Mixed"
"SRR1294939","1",-0.262501867601597,-0.0484564948753632,0.271024759950729,"Intermediate/Mixed"
"SRR1294950","1",-0.132743490428206,-0.217813981008238,-0.0889023434291314,"Intermediate/Mixed"
"SRR1294960","1",0.0924476838733758,-0.110319629462716,0.868074404813499,"Multi-arm-high"
"SRR1294972","1",-0.0957017240739112,-0.138529278014736,-0.0213399584874133,"Intermediate/Mixed"
"SRR1294980","1",-0.126483729294125,-0.0960500243007727,0.00271352255254137,"Intermediate/Mixed"
"SRR1294983","1",-0.130098989542458,-0.133470398295186,-0.0989605340748977,"Intermediate/Mixed"
"SRR1294986","1",0.345453810526251,-0.189443790012089,0.614859384631218,"PERK-high"
"SRR1294994","1",-0.000386742202060031,-0.136741527098016,0.0464831843319242,"Intermediate/Mixed"
"SRR1294995","1",-0.100672297036539,-0.175254359855037,-0.224970479230154,"Intermediate/Mixed"
"SRR1294996","1",-0.067974009439862,-0.174896543344127,-0.0536288279531491,"Intermediate/Mixed"
"SRR1295007","1",-0.176974249619688,-0.0364903335052974,0.0431096592431297,"All-low"
"SRR1295011","1",-0.325633812811677,-0.0651467021348582,0.0508465765194037,"All-low"
"SRR1295013","1",0.00700151202599983,-0.122839419374761,-0.1465637526129,"Intermediate/Mixed"
"SRR1295015","1",-0.0893323578645725,-0.18040582901446,0.140191799638611,"Intermediate/Mixed"
"SRR1295025","1",0.114883681933598,-0.104183859563521,-0.0761522609226614,"PERK-high"
"SRR1295026","1",-0.036949063600853,-0.0130252014428542,-0.069916049863979,"Intermediate/Mixed"
"SRR1295029","1",-0.0842522637750349,-0.0913517012107999,0.909669614667307,"ATF6-high"
"SRR1295030","1",0.0712636715297288,0.420232733853456,0.785023552064378,"Multi-arm-high"
"SRR1295054","1",-0.0837267310104358,0.0608168053330298,0.0897752906135625,"Intermediate/Mixed"
"SRR1295058","1",-0.054383636326266,-0.0931087103251712,-0.106151231777516,"Intermediate/Mixed"
"SRR1295071","1",-0.201682936640609,0.151146908708935,0.107817266948757,"Intermediate/Mixed"
"SRR1295095","1",0.266478115453308,-0.0273430336691662,0.652978082250352,"PERK-high"
"SRR1295119","1",-0.0609317238513019,0.270486982645147,0.423235363006214,"Intermediate/Mixed"
"SRR1295131","1",-0.159914668477803,0.0228135418523776,0.889083017802478,"ATF6-high"
"SRR1295164","1",-0.180239294753453,0.0470344403701727,0.063044498654743,"Intermediate/Mixed"
"SRR1295165","1",-0.0451192902490636,0.0140097721647674,0.0891499809313495,"Intermediate/Mixed"
"SRR1295166","1",-0.0558088193909355,-0.0152730658021455,-0.0737149655534661,"Intermediate/Mixed"
"SRR1295169","1",-0.00545976445058538,0.0354882569059756,0.199142387986374,"Intermediate/Mixed"
"SRR1295172","1",0.0921891576077958,0.0490460961197278,0.359834201768036,"PERK-high"
"SRR1295178","1",-0.0300031538867631,0.0366351295697003,0.209195146086654,"Intermediate/Mixed"
"SRR1295179","1",-0.111200073721346,0.126298358645085,0.345889431297866,"Intermediate/Mixed"
"SRR1295183","1",-0.0963623833826077,0.196714562789422,0.913646335766951,"ATF6-high"
"SRR1295186","1",-0.0861337707301913,0.184063289049589,0.385205167121129,"Intermediate/Mixed"
"SRR1295193","1",-0.0931151224604922,-0.0424584197703101,-0.108988799924762,"Intermediate/Mixed"
"SRR1295195","1",-0.0782064458699159,0.00651016311874036,-0.0771688109859752,"Intermediate/Mixed"
"SRR1295201","1",-0.11796794942612,0.0506735845783464,-0.115986289640138,"Intermediate/Mixed"
"SRR1295215","1",0.117973425706638,0.119120913926815,0.611049679920861,"PERK-high"
"SRR1295218","1",0.211422192652091,-0.230994680591559,0.184853521413549,"PERK-high"
"SRR1295223","1",-0.00949723357100518,0.242984131600742,0.367473329549113,"Intermediate/Mixed"
"SRR1295224","1",0.00143737968144059,-0.013927878753121,0.0376068099894115,"Intermediate/Mixed"
"SRR1295232","1",1.04900855579029,-0.0918201347587586,0.531402051864496,"PERK-high"
"SRR1295238","1",-0.0812410445780008,0.00736610558063278,0.187914574481933,"Intermediate/Mixed"
"SRR1295241","1",-0.000913593654212119,0.314671382236195,0.036379113436279,"Intermediate/Mixed"
"SRR1295247","1",-0.121115621775011,0.0300367993569604,0.161930892702031,"Intermediate/Mixed"
"SRR1295248","1",-0.0178991934779219,0.0651275572912928,-0.106363385223982,"Intermediate/Mixed"
"SRR1295255","1",-0.112433873138435,-0.0427385455924342,-0.00484189641900679,"Intermediate/Mixed"
"SRR1295257","1",-0.148935725814642,0.310247022552708,0.523300140710531,"Intermediate/Mixed"
"SRR1295260","1",-0.0439575864973488,-0.074236589749606,0.124350414518901,"Intermediate/Mixed"
"SRR1295261","1",-0.0792906192498847,-0.0731618133023948,0.0281473884875786,"Intermediate/Mixed"
"SRR1295266","1",-0.189924176268665,-0.146075690547591,-0.215642297873221,"All-low"
"SRR1295278","1",-0.116688742572552,-0.0694708511292625,-0.0205995689093089,"Intermediate/Mixed"
"SRR1295282","1",-0.061138263911297,0.0110218175737674,-0.000805042589029747,"Intermediate/Mixed"
"SRR1295290","1",-0.0764823657250458,-0.025299710332706,0.0455224502837743,"Intermediate/Mixed"
"SRR1295292","1",-0.156466712636351,-0.0435897599483238,-0.133978973528914,"All-low"
"SRR1295299","1",-0.0900010623579812,-0.0900166339081125,0.167214650727043,"Intermediate/Mixed"
"SRR1295300","1",-0.145627866719542,-0.093087193763123,0.203693813570048,"Intermediate/Mixed"
"SRR1295304","1",-0.196787938087884,-0.185004768914547,-0.356428174803317,"All-low"
"SRR1295307","1",0.0547893979444544,0.0331459732169772,0.0264144700625731,"Intermediate/Mixed"
"SRR1295312","1",-0.210516945941471,-0.188112345172154,0.0183353568238835,"All-low"
"SRR1295316","1",-0.0474928381538025,0.0752049159271578,-0.112283038626976,"Intermediate/Mixed"
"SRR1295317","1",-0.178062796980447,0.0283210187521571,-0.0467988061787906,"Intermediate/Mixed"
"SRR1295321","1",-0.0767843926730611,-0.120499488537824,0.382740992774463,"Intermediate/Mixed"
"SRR1295323","1",-0.176790309997076,-0.087931988942707,-0.183141552842317,"All-low"
"SRR1295324","1",0.366232216205126,-0.20381624922234,-0.122479248906306,"PERK-high"
"SRR1295326","1",0.0113076594167682,-0.0448351921234777,0.106138551076211,"Intermediate/Mixed"
"SRR1295327","1",-0.162671967714271,0.0010887033770709,0.157477691421632,"Intermediate/Mixed"
"SRR1295328","1",-0.143322637516091,-0.110995646844252,-0.244654707310721,"All-low"
"SRR1295331","1",-0.21450104899848,-0.104486168906594,-0.112050615143234,"All-low"
"SRR1295332","1",-0.15020425296379,-0.0519169952688324,-0.037638737355896,"All-low"
"SRR1295333","1",-0.0898163679945374,-0.139584626582448,-0.0953743854147534,"Intermediate/Mixed"
"SRR1295335","1",-0.183715022107231,-0.121126391955496,-0.19037850998006,"All-low"
"SRR1295338","1",-0.102876831924587,-0.0321343240942602,0.142855057607071,"Intermediate/Mixed"
"SRR1295340","1",-0.172679971275919,-0.0584568682546358,0.184155171203804,"Intermediate/Mixed"
"SRR1295341","1",0.119142987807838,-0.0750474683467321,0.150639379859323,"PERK-high"
"SRR1295343","1",-0.0495477586181059,0.177136062464357,-0.142974732078901,"Intermediate/Mixed"
"SRR1295351","1",-0.130968080830542,-0.00865905336183473,0.0532686805920526,"Intermediate/Mixed"
"SRR1295353","1",-0.149092200764462,-0.0798119848991381,-0.063517874259627,"All-low"
"SRR1294882","2",0.123144081028806,0.466401554459756,0.737379231989941,"Multi-arm-high"
"SRR1294884","2",-0.107105352512732,0.236771137101836,0.690575772947475,"Intermediate/Mixed"
"SRR1294886","2",-0.278653143341731,0.090568254234099,0.801633789670517,"ATF6-high"
"SRR1294889","2",-0.0105079924518401,0.317128332001527,0.335938487717036,"Intermediate/Mixed"
"SRR1294890","2",-0.28334534798112,0.230522103648132,0.769915437524077,"ATF6-high"
"SRR1294894","2",-0.161391454295755,-0.030207841159711,-0.0266826300479883,"All-low"
"SRR1294896","2",0.015870481928531,0.118564099911661,0.239122433374437,"Intermediate/Mixed"
"SRR1294897","2",0.143273049647122,0.327564096093981,0.980336515566108,"Multi-arm-high"
"SRR1294899","2",-0.203922971513488,-0.00532340193343583,-0.451995995774458,"Intermediate/Mixed"
"SRR1294900","2",-0.266466200460517,-0.0808851117003395,0.413314669196834,"Intermediate/Mixed"
"SRR1294906","2",-0.153038968335836,0.360522652072751,1.29519413913541,"Multi-arm-high"
"SRR1294907","2",-0.183717833940045,0.611621527737767,1.49940534006791,"Multi-arm-high"
"SRR1294908","2",-0.193977537710969,0.00580153591930743,0.526820671374913,"Intermediate/Mixed"
"SRR1294910","2",-0.223267235394326,0.387839611507674,0.98559792331852,"Multi-arm-high"
"SRR1294911","2",-0.0808584767648066,0.118707580167705,0.466141088538999,"Intermediate/Mixed"
"SRR1294912","2",-0.208553719719644,0.53161316995158,1.20665592575449,"Multi-arm-high"
"SRR1294913","2",-0.104641495053274,0.406378171061047,0.877115086920333,"Multi-arm-high"
"SRR1294914","2",0.0986028452489255,-0.121228793706742,-0.460350207887164,"PERK-high"
"SRR1294915","2",0.0862037611390782,0.39994363285146,1.47411904212465,"Multi-arm-high"
"SRR1294918","2",-0.234214848374661,0.174898022790839,0.869213741884649,"ATF6-high"
"SRR1294919","2",0.0138929154371805,0.397502870279431,1.10941733924746,"Multi-arm-high"
"SRR1294922","2",-0.153868329447294,0.118865671810972,0.282309056938379,"Intermediate/Mixed"
"SRR1294923","2",-0.226812374194821,0.222281031777443,0.376603781994035,"Intermediate/Mixed"
"SRR1294924","2",0.207095829039966,0.261483495257872,0.741907457137355,"PERK-high"
"SRR1294928","2",-0.311769460608752,0.252354827863211,0.0376113276217475,"Intermediate/Mixed"
"SRR1294930","2",-0.0894195717436702,0.516230474017304,1.40078128388287,"Multi-arm-high"
"SRR1294931","2",-0.25055264600585,0.112359104818294,1.14000282673875,"ATF6-high"
"SRR1294932","2",-0.0211134859086706,0.073253558427237,0.266974794212492,"Intermediate/Mixed"
"SRR1294933","2",-0.101675550330696,0.457996813238021,1.67309731134737,"Multi-arm-high"
"SRR1294935","2",-0.12761568374507,0.265369910036192,0.492133920134624,"Intermediate/Mixed"
"SRR1294936","2",-0.187876115236669,-0.0774286327034305,0.364301201558742,"Intermediate/Mixed"
"SRR1294937","2",-0.285876080666474,0.472388849238697,1.21913418193554,"Multi-arm-high"
"SRR1294938","2",0.0728375527023458,0.0601994887650406,1.06852787499037,"ATF6-high"
"SRR1294941","2",-0.233950484131329,0.332304968880727,0.927748356568525,"Multi-arm-high"
"SRR1294943","2",-0.24504329750955,-0.0694381225154118,0.0385186999881021,"All-low"
"SRR1294944","2",-0.0410462403208275,0.609859363466466,1.07683873757274,"Multi-arm-high"
"SRR1294946","2",-0.177428182196496,0.33728536050628,0.959780696595332,"Multi-arm-high"
"SRR1294947","2",-0.204939302766734,0.103738227886316,1.16620382294462,"ATF6-high"
"SRR1294948","2",-0.170882184516266,0.327755093756365,0.695327210970064,"Intermediate/Mixed"
"SRR1294951","2",-0.277799731707834,0.198572703460395,0.417892296999518,"Intermediate/Mixed"
"SRR1294953","2",-0.165533615771111,0.0917876730805842,0.474945568001151,"Intermediate/Mixed"
"SRR1294955","2",-0.108311486709257,0.458859760654183,-0.015744346943984,"IRE1-high"
"SRR1294956","2",-0.146566940981594,0.335678177363437,0.679418691364738,"IRE1-high"
"SRR1294957","2",-0.193610934754777,0.14827415807178,0.481217184352406,"Intermediate/Mixed"
"SRR1294958","2",-0.100256533342748,0.171661454522915,0.775664471439096,"ATF6-high"
"SRR1294962","2",-0.160398850406502,0.19932411300706,0.229090972525536,"Intermediate/Mixed"
"SRR1294963","2",-0.221867539087297,0.15908711503753,0.566013012536886,"Intermediate/Mixed"
"SRR1294965","2",-0.16576630906058,0.657822996872913,1.30462569084423,"Multi-arm-high"
"SRR1294967","2",-0.256309429487684,-0.183413803339517,-0.147961018947194,"All-low"
"SRR1294968","2",-0.279541024429828,0.0174866082003816,-0.0883752585960584,"Intermediate/Mixed"
"SRR1294969","2",-0.0867457133760401,0.211698188929641,0.702182176803695,"Intermediate/Mixed"
"SRR1294970","2",0.0539913106372981,0.109062817772232,0.786340169097075,"ATF6-high"
"SRR1294971","2",0.000983743105468449,0.118380646631969,0.908948073564626,"ATF6-high"
"SRR1295070","2",0.118598961736889,0.0468834171238466,0.722241672381094,"PERK-high"
"SRR1295074","2",0.148130275389837,0.494511791939646,0.848350601670705,"Multi-arm-high"
"SRR1295076","2",-0.04373163675033,0.24345089944527,0.833085601303564,"ATF6-high"
"SRR1295077","2",0.242534660815112,0.103117051163351,0.690421323108098,"PERK-high"
"SRR1295078","2",-0.270251536737052,0.109747842292231,0.898991137975515,"ATF6-high"
"SRR1295080","2",-0.0671578228198761,0.0149434298831748,0.0767404680777191,"Intermediate/Mixed"
"SRR1295081","2",0.0568563598974542,0.420011675591569,0.507571576073005,"IRE1-high"
"SRR1295082","2",-0.276317333444586,0.231185463791208,0.828483369081044,"ATF6-high"
"SRR1295083","2",-0.174400654562626,0.267932875967414,0.116584631399972,"Intermediate/Mixed"
"SRR1295086","2",-0.101375011311175,0.0558493639773853,0.0873013087273254,"Intermediate/Mixed"
"SRR1295088","2",0.0624025291161412,0.106976761178443,0.351427639152436,"Intermediate/Mixed"
"SRR1295089","2",0.171896786026844,0.374002700224951,1.09126461303436,"Multi-arm-high"
"SRR1295091","2",-0.167127692773395,-0.0379786190395772,-0.442388778892517,"All-low"
"SRR1295092","2",-0.233393604528119,-0.106378381068593,0.439492526052374,"Intermediate/Mixed"
"SRR1295098","2",-0.118564380548555,0.380703411013054,1.45160991891047,"Multi-arm-high"
"SRR1295099","2",-0.133690107086664,0.668187206892226,1.684838034915,"Multi-arm-high"
"SRR1295100","2",-0.110738109118379,0.0073793513447411,0.621031809822777,"Intermediate/Mixed"
"SRR1295102","2",-0.235031779151661,0.417889208567278,1.14789117152155,"Multi-arm-high"
"SRR1295103","2",-0.0531798949785714,0.141389516872422,0.525886991231754,"Intermediate/Mixed"
"SRR1295104","2",-0.186683091712297,0.553010147313633,1.32735728982329,"Multi-arm-high"
"SRR1295105","2",-0.0902191686876713,0.412167760751504,0.99152650186953,"Multi-arm-high"
"SRR1295106","2",0.142853163768891,-0.0469908540139802,-0.368128361265868,"PERK-high"
"SRR1295107","2",0.141469080469189,0.434977251967912,1.61279513402094,"Multi-arm-high"
"SRR1295110","2",-0.220513752830078,0.190279622265152,0.964881255138646,"ATF6-high"
"SRR1295111","2",0.089402360933494,0.424996063469454,1.18105567078884,"Multi-arm-high"
"SRR1295114","2",-0.105979598259408,0.10146798807789,0.417906993226455,"Intermediate/Mixed"
"SRR1295115","2",-0.201540348613777,0.254417359564869,0.403998122643594,"Intermediate/Mixed"
"SRR1295116","2",0.271818133320177,0.282071686377282,0.834617506082329,"Multi-arm-high"
"SRR1295120","2",-0.297155269799648,0.316590071870028,0.0725711918952648,"Intermediate/Mixed"
"SRR1295122","2",-0.0860224821642296,0.543937334339394,1.49345929357148,"Multi-arm-high"
"SRR1295123","2",-0.256978275161776,0.156846424180696,1.3083702887405,"ATF6-high"
"SRR1295124","2",0.0154688612680771,0.0985911600855584,0.404896059804041,"Intermediate/Mixed"
"SRR1295125","2",-0.0990682795865337,0.449643633469871,1.76535514616575,"Multi-arm-high"
"SRR1295127","2",-0.113286628289641,0.258526602923303,0.518859843231665,"Intermediate/Mixed"
"SRR1295128","2",-0.0944820288884459,-0.0513773355578299,0.50903292805514,"Intermediate/Mixed"
"SRR1295129","2",-0.283215380393765,0.471774821343618,1.29631291143028,"Multi-arm-high"
"SRR1295130","2",0.115219476034988,0.0763204839115952,1.2087407728251,"Multi-arm-high"
"SRR1295133","2",-0.221460100887642,0.354023160288824,1.02209109350719,"Multi-arm-high"
"SRR1295135","2",-0.165806850356683,-0.0201477764356188,0.122915004796922,"Intermediate/Mixed"
"SRR1295136","2",0.015932365015437,0.616335055623527,1.20755773225619,"Multi-arm-high"
"SRR1295138","2",-0.110970976240404,0.350839505991403,1.07067772530294,"Multi-arm-high"
"SRR1295139","2",-0.138767883219492,0.125178629444448,1.2778935539989,"ATF6-high"
"SRR1295140","2",-0.144106888218331,0.33996058063706,0.792171522993816,"Multi-arm-high"
"SRR1295143","2",-0.246772766134796,0.205666175863673,0.507176780934588,"Intermediate/Mixed"
"SRR1295144","2",0.18110016405722,0.331975752183101,0.446040576598637,"Multi-arm-high"
"SRR1295145","2",-0.161263385618509,0.112515593091107,0.54301170109599,"Intermediate/Mixed"
"SRR1295147","2",-0.0939978926120511,0.579577086880739,0.131014742473733,"IRE1-high"
"SRR1295148","2",-0.143784147720929,0.352297677114423,0.780895992063108,"Multi-arm-high"
"SRR1295149","2",-0.160802819866496,0.212807614169926,0.626705454785069,"Intermediate/Mixed"
"SRR1295150","2",-0.0495104114077847,0.179556230383672,0.859183459712249,"ATF6-high"
"SRR1295152","2",0.467183912260239,0.0836763710581518,1.19007160145856,"Multi-arm-high"
"SRR1295154","2",-0.166430727003323,0.221151288193718,0.321644771477481,"Intermediate/Mixed"
"SRR1295155","2",-0.19682394567844,0.167037430948187,0.663491696610948,"Intermediate/Mixed"
"SRR1295157","2",-0.147375391606822,0.687223400206347,1.35329828714947,"Multi-arm-high"
"SRR1295159","2",-0.22589801549388,-0.180912782817807,0.0108607171285126,"All-low"
"SRR1295160","2",-0.26366482075299,0.0357886899941858,0.0164202166369964,"Intermediate/Mixed"
"SRR1295161","2",-0.0512747461459056,0.301106503712151,0.781961521286048,"ATF6-high"
"SRR1295162","2",0.091856536531495,0.154549399246476,0.854968787265598,"Multi-arm-high"
"SRR1295163","2",0.0073862344936062,0.121037542971431,0.998371067110059,"ATF6-high"
"SRR1294684","3",-0.193960889235446,0.0833073964691672,0.204592022240969,"Intermediate/Mixed"
"SRR1294685","3",0.0324402013117133,-0.113019218053311,0.318909966940204,"Intermediate/Mixed"
"SRR1294686","3",-0.169291512139649,0.147544239193487,0.32207844332583,"Intermediate/Mixed"
"SRR1294687","3",-0.0506905161829859,0.389782520187004,1.15896379619873,"Multi-arm-high"
"SRR1294688","3",-0.110429572989913,0.413355920762064,0.645061149581056,"IRE1-high"
"SRR1294691","3",-0.212666279056306,0.558196168924176,1.28636973481915,"Multi-arm-high"
"SRR1294692","3",0.0811571099463372,0.611326280643561,0.937798295964785,"Multi-arm-high"
"SRR1294693","3",-0.000321205942051983,0.248441225658813,0.700202448245607,"Intermediate/Mixed"
"SRR1294694","3",0.110032391389143,0.130701148332395,0.703001441217021,"PERK-high"
"SRR1294695","3",-0.0792441811709423,0.302065701201846,1.0121776530284,"ATF6-high"
"SRR1294696","3",-0.00768407728495302,-0.122861391798298,-0.1123368121374,"Intermediate/Mixed"
"SRR1294697","3",-0.238990442445888,-0.00825045620931153,-0.0124617419477369,"Intermediate/Mixed"
"SRR1294698","3",-0.140346090121407,0.353792426380479,1.08433811257744,"Multi-arm-high"
"SRR1294699","3",0.178052205074451,0.0194162186251106,0.657553568314097,"PERK-high"
"SRR1294700","3",-0.0484424202728605,0.155188787450557,0.978322551442455,"ATF6-high"
"SRR1294701","3",0.0824235251070757,0.234293680464073,0.39691423434075,"Intermediate/Mixed"
"SRR1294702","3",0.0129126609945614,0.371358806719335,0.462213053277314,"IRE1-high"
"SRR1294703","3",0.127831175340122,0.427354884967405,0.790992325398897,"Multi-arm-high"
"SRR1294704","3",-0.19868605146121,0.0459576155473572,0.744822269164764,"Intermediate/Mixed"
"SRR1294705","3",0.0458149100557167,0.45943933975726,0.916748801502304,"Multi-arm-high"
"SRR1294706","3",-0.0957961934245906,0.123762949984259,0.324728069937211,"Intermediate/Mixed"
"SRR1294707","3",-0.217704792569584,0.239008878251968,0.60002338960577,"Intermediate/Mixed"
"SRR1294708","3",-0.102286985291887,0.365691349452037,0.295339196675519,"IRE1-high"
"SRR1294709","3",-0.0801830838973084,0.218967283629583,0.875880398030966,"ATF6-high"
"SRR1294710","3",-0.0851304241821914,0.166891724616509,0.530218259549886,"Intermediate/Mixed"
"SRR1294711","3",-0.192503961500092,0.363666669731287,0.821999499596652,"Multi-arm-high"
"SRR1294713","3",0.159837245431922,0.198927064301143,0.33070240999184,"PERK-high"
"SRR1294714","3",-0.11666878484088,-0.0685719106278433,0.171652810035563,"Intermediate/Mixed"
"SRR1294715","3",-0.173984064828035,-0.00747068460709377,0.387383471677111,"Intermediate/Mixed"
"SRR1294716","3",0.133284381930794,0.215083990249971,1.08205823241043,"Multi-arm-high"
"SRR1294717","3",-0.0529086296701065,0.304487797487259,1.25790174699663,"ATF6-high"
"SRR1294718","3",0.0617674171306368,0.252132224063656,0.8892756722927,"ATF6-high"
"SRR1294719","3",0.702220906791828,0.502195296897374,1.17185380839083,"Multi-arm-high"
"SRR1294720","3",0.153239287747732,0.514820479871992,1.62405135295407,"Multi-arm-high"
"SRR1294721","3",0.0510258968103875,0.185723782439083,-0.302181906992551,"Intermediate/Mixed"
"SRR1294722","3",0.0600844366569907,-0.00768287503430437,0.424365232079784,"Intermediate/Mixed"
"SRR1294723","3",-0.00088083250917298,0.131691295790896,0.125380265331621,"Intermediate/Mixed"
"SRR1294724","3",0.0524214902641659,0.141182695058354,0.774053324276075,"ATF6-high"
"SRR1294726","3",0.0764208486181073,0.72638176259159,1.60649534715986,"Multi-arm-high"
"SRR1294727","3",-0.265339314255367,0.0835591125380764,0.559495995154934,"Intermediate/Mixed"
"SRR1294728","3",0.231478154422837,0.0167601450726815,0.0307730544518194,"PERK-high"
"SRR1294730","3",-0.272272619960354,0.114907432273701,0.826033371492693,"ATF6-high"
"SRR1294731","3",-0.0115447689455618,0.227232376717332,0.951205923782636,"ATF6-high"
"SRR1294733","3",-0.054790664480667,0.391381502338972,0.699131923380013,"IRE1-high"
"SRR1294734","3",-0.036699841795803,0.350889044149108,0.561973322625208,"IRE1-high"
"SRR1294735","3",0.229395923445956,0.207268687822314,0.453984473346132,"PERK-high"
"SRR1294736","3",-0.211878208350379,0.374309497563778,0.982049413014167,"Multi-arm-high"
"SRR1294737","3",0.415607009354827,0.919273755856401,1.63552938670505,"Multi-arm-high"
"SRR1294738","3",-0.247539088740167,0.202907627619975,0.215782691993516,"Intermediate/Mixed"
"SRR1294739","3",0.113651508599052,0.309564370702533,0.898528726274174,"Multi-arm-high"
"SRR1294740","3",0.078212720537997,0.0463378314320984,-0.0975571818249203,"Intermediate/Mixed"
"SRR1294741","3",0.0452810364027441,0.195167174018681,0.0481213752817381,"Intermediate/Mixed"
"SRR1294742","3",-0.235794862527946,0.552812619681062,0.782293888272343,"Multi-arm-high"
"SRR1294743","3",-0.090414049577568,0.255278178508309,0.321509603936484,"Intermediate/Mixed"
"SRR1294744","3",0.0330787206874019,0.252859438885025,0.649221678366635,"Intermediate/Mixed"
"SRR1294745","3",-0.0965123422857006,0.060419903915918,0.115772711209291,"Intermediate/Mixed"
"SRR1294746","3",-0.0827727805503098,0.243436373626131,0.609461891278512,"Intermediate/Mixed"
"SRR1294747","3",-0.17470319658957,0.274173863745454,0.98064523211242,"ATF6-high"
"SRR1294748","3",0.748611866289092,0.550996608070584,1.11194468848213,"Multi-arm-high"
"SRR1294749","3",-0.19560668137507,0.0464443482479042,0.313536442846528,"Intermediate/Mixed"
"SRR1294750","3",-0.0993165268548399,0.302833653421157,0.984192399376946,"ATF6-high"
"SRR1294752","3",-0.234448305589795,0.0961331308584717,0.339264823549356,"Intermediate/Mixed"
"SRR1294753","3",-0.21076580792962,0.178941161362653,0.206421492880693,"Intermediate/Mixed"
"SRR1294754","3",-0.0097943183528712,0.235477966307218,0.716487437728138,"Intermediate/Mixed"
"SRR1294755","3",-0.00219079179339515,0.397739341954939,0.466249808271566,"IRE1-high"
"SRR1294756","3",0.00444342452664576,-0.0225003223920591,0.180039062146217,"Intermediate/Mixed"
"SRR1294757","3",0.0504953021908395,-0.0550360283114018,0.0348502358697997,"Intermediate/Mixed"
"SRR1294758","3",-0.035812628841714,0.197435082453586,0.334086277585237,"Intermediate/Mixed"
"SRR1294759","3",-0.205360368695467,0.0355176871914704,0.633875481745428,"Intermediate/Mixed"
"SRR1294760","3",-0.190719598710278,0.574155847845361,1.14226258589159,"Multi-arm-high"
"SRR1294761","3",-0.174731222344646,0.216125483171853,0.460118531440567,"Intermediate/Mixed"
"SRR1294764","3",-0.0972545380599562,0.302880336495468,0.598785009330886,"Intermediate/Mixed"
"SRR1294766","3",0.330669384395669,0.30391908120175,0.625209863425688,"PERK-high"
"SRR1294767","3",0.00804974064088593,0.00331158244094409,0.583357940407832,"Intermediate/Mixed"
"SRR1294768","3",-0.0853859922807453,-0.0125349312838592,0.577165472718958,"Intermediate/Mixed"
"SRR1294769","3",0.0640470920539837,0.28971368169997,0.686100113694171,"Intermediate/Mixed"
"SRR1294770","3",0.0376079794510004,0.153792537384107,0.75676853988251,"Intermediate/Mixed"
"SRR1294772","3",0.117224506157569,0.154442708484055,0.184230785278314,"PERK-high"
"SRR1294773","3",0.55992320789229,0.0141185044226236,0.0266497232568004,"PERK-high"
"SRR1294774","3",0.12598492461191,0.198989214881825,0.233956535662781,"PERK-high"
"SRR1294775","3",-0.140138872229321,0.451314162015818,0.196644389142076,"IRE1-high"
"SRR1294776","3",-0.0136172546373239,0.414622115519559,0.526315540881316,"IRE1-high"
"SRR1294777","3",-0.170226193469854,0.284605101879743,0.583340154576439,"Intermediate/Mixed"
"SRR1294778","3",0.617864990956092,0.276310584151923,0.437351737943121,"PERK-high"
"SRR1294779","3",-0.049018057887134,0.415637843985934,0.924214896671532,"Multi-arm-high"
"SRR1294804","3",-0.052460179710272,0.675932727149658,1.48101324920688,"Multi-arm-high"
"SRR1294831","3",0.00975550257588137,0.290397415557277,0.986767068963024,"ATF6-high"
"SRR1294893","3",-0.156223394839673,0.342899144979685,0.521265956394769,"IRE1-high"
"SRR1295085","3",-0.107141724840991,0.359655715816635,0.548729339560843,"IRE1-high"
"SRR1295357","3",-0.0464188580164036,0.352330669979749,0.952206060513684,"Multi-arm-high"
"SRR1294518","4",0.3660175225805,0.130969117640388,0.157752216167416,"PERK-high"
"SRR1294575","4",-0.15629813804308,1.38982360419299,1.72464743904389,"Multi-arm-high"
"SRR1294646","4",0.436853671560669,-0.303569822134981,-0.316403516282293,"PERK-high"
"SRR1294661","4",0.154419873167511,-0.146844651532924,-0.0595247247985411,"PERK-high"
"SRR1294689","4",-0.00370639721953253,1.29630873288815,1.77947801273596,"Multi-arm-high"
"SRR1294725","4",-0.118771776934893,0.041165732099312,-0.28550706706799,"Intermediate/Mixed"
"SRR1294732","4",0.612987004980184,1.23010770606811,1.06092709950807,"Multi-arm-high"
"SRR1294751","4",0.193885583259711,0.0433722137839911,0.18649287539477,"PERK-high"
"SRR1294763","4",-0.114299490540608,0.389500848126653,0.406264647677953,"IRE1-high"
"SRR1294765","4",-0.119815825919965,0.164865769901274,-0.324709029382282,"Intermediate/Mixed"
"SRR1294783","4",0.154586933306717,-0.0415484740024533,0.338623823698723,"PERK-high"
"SRR1294855","4",0.247627776978724,0.0510142280591531,0.564307832307274,"PERK-high"
"SRR1294883","4",0.0959655144088633,0.430478201027252,0.531663467850058,"Multi-arm-high"
"SRR1294959","4",0.0683406094549039,-0.175336089096517,0.549648441873179,"Intermediate/Mixed"
"SRR1294973","4",-0.134979060017255,0.0221031439714008,0.291699073284579,"Intermediate/Mixed"
"SRR1294974","4",0.468753982487823,0.53897354832017,0.959851217122306,"Multi-arm-high"
"SRR1294975","4",-0.00318449365012963,-0.232577141779386,-0.139629770321388,"Intermediate/Mixed"
"SRR1294976","4",-0.0525944327139913,0.307804874214139,0.4927984152345,"Intermediate/Mixed"
"SRR1294977","4",-0.0737125541812814,0.259590093752003,0.650826308996084,"Intermediate/Mixed"
"SRR1294978","4",0.0388257194512107,0.285204324866465,-0.0726512459850459,"Intermediate/Mixed"
"SRR1294979","4",0.0223796166370447,0.285893462967092,0.485543005016775,"Intermediate/Mixed"
"SRR1294981","4",-0.124407199771856,-0.013784944920336,0.0541856406517962,"Intermediate/Mixed"
"SRR1294982","4",0.0304068957055689,-0.00454999993411542,0.343723508742488,"Intermediate/Mixed"
"SRR1294984","4",0.0676584287278349,-0.083287165974732,-0.122401118001796,"Intermediate/Mixed"
"SRR1294985","4",-0.119357162960433,-0.268711462316922,-0.0238336692461486,"Intermediate/Mixed"
"SRR1294987","4",-0.12919700585467,-0.0250542216262882,0.113069664436369,"Intermediate/Mixed"
"SRR1294988","4",0.0560771787249026,0.0414247903215339,0.150040715836034,"Intermediate/Mixed"
"SRR1294989","4",-0.0882269072687306,-0.0432347068171035,-0.0774387068779885,"Intermediate/Mixed"
"SRR1294990","4",0.054810673789233,-0.0771263160050386,0.249531520202257,"Intermediate/Mixed"
"SRR1294991","4",-0.00607569597647711,0.347076660534466,0.284704246792911,"IRE1-high"
"SRR1294992","4",0.12421814373747,0.564688539692001,0.946097488421282,"Multi-arm-high"
"SRR1294993","4",-0.0341872735548545,-0.16873907830472,-0.242878632954039,"Intermediate/Mixed"
"SRR1294997","4",0.0683444754633907,0.647294529043441,0.915516814596422,"Multi-arm-high"
"SRR1294998","4",-0.101544355266998,0.205348781604194,0.0825485412347465,"Intermediate/Mixed"
"SRR1294999","4",-0.126495104194859,0.381276361934937,0.228266963986962,"IRE1-high"
"SRR1295000","4",-0.0225489269404089,0.17556330501336,-0.121975779618938,"Intermediate/Mixed"
"SRR1295001","4",0.271711289061645,0.387107645165953,0.505817299072509,"Multi-arm-high"
"SRR1295002","4",-0.0564228265389485,-0.0470184636628301,-0.132744382678244,"Intermediate/Mixed"
"SRR1295004","4",-0.0549174636518224,0.0332315085342837,-0.0615441399649713,"Intermediate/Mixed"
"SRR1295005","4",0.391612952327405,0.0429520090447227,0.050015109626558,"PERK-high"
"SRR1295006","4",0.057621006066634,0.676988383615367,1.20672520650271,"Multi-arm-high"
"SRR1295009","4",0.231233469538291,0.281465633633282,0.187130066816769,"PERK-high"
"SRR1295010","4",0.667838925505595,0.220443519941787,0.428802112794058,"PERK-high"
"SRR1295012","4",-0.0494333530710293,0.153653557053526,0.286327296669583,"Intermediate/Mixed"
"SRR1295014","4",-0.0452439065294579,-0.234258939815366,-0.37444773070799,"Intermediate/Mixed"
"SRR1295016","4",-0.0198635260989052,-0.065802461398507,-0.142161019355872,"Intermediate/Mixed"
"SRR1295017","4",0.0230963576816147,0.248048608172837,0.131920794776311,"Intermediate/Mixed"
"SRR1295018","4",-0.0626314894716801,0.266868634102054,0.74678863939961,"Intermediate/Mixed"
"SRR1295019","4",0.0783439482230755,0.810626153920046,1.38431607229683,"Multi-arm-high"
"SRR1295020","4",0.0495046240339125,0.208904458476028,0.644817877256505,"Intermediate/Mixed"
"SRR1295021","4",-0.113971631227367,-0.0687996561297863,0.0276711460760861,"Intermediate/Mixed"
"SRR1295022","4",0.0882338912196796,0.197131401072496,0.500564838303453,"Intermediate/Mixed"
"SRR1295023","4",0.0746264384909141,0.0179347794045426,0.224525769857957,"Intermediate/Mixed"
"SRR1295027","4",0.385645239268694,1.18356352604656,1.50612046172247,"Multi-arm-high"
"SRR1295028","4",0.365993360416211,0.23021900798894,0.619625241179842,"PERK-high"
"SRR1295031","4",-0.165971918220727,-0.0412437097242805,-0.0475864247577494,"All-low"
"SRR1295033","4",-0.111027443788887,0.0465941968266447,0.288960983066715,"Intermediate/Mixed"
"SRR1295034","4",-0.230061290708804,0.0947429647320742,-0.208331919668743,"Intermediate/Mixed"
"SRR1295035","4",0.165376213648588,-0.082964245873259,0.28664507085744,"PERK-high"
"SRR1295036","4",-0.130195774676799,0.433008506828026,1.08453954880397,"Multi-arm-high"
"SRR1295037","4",0.0307968599695426,0.325059246840772,0.319719242723317,"Intermediate/Mixed"
"SRR1295038","4",-0.0150082919111035,0.760731193831389,1.03774273661237,"Multi-arm-high"
"SRR1295039","4",0.0440496415643616,0.0166195843722698,0.0167408443577552,"Intermediate/Mixed"
"SRR1295040","4",-0.100050743618723,0.848476040060288,1.49245616243876,"Multi-arm-high"
"SRR1295041","4",-0.0811928521140974,0.0184419449831372,0.127868382654151,"Intermediate/Mixed"
"SRR1295042","4",0.0114428340843835,-0.182395896086236,-0.0236319103036332,"Intermediate/Mixed"
"SRR1295043","4",-0.10552350835227,1.07130865063835,1.6206161703279,"Multi-arm-high"
"SRR1295044","4",0.0485332059712357,0.840930984166892,1.59623049726217,"Multi-arm-high"
"SRR1295045","4",0.24491627400969,0.125773542303383,0.3600738919335,"PERK-high"
"SRR1295046","4",0.205619643418113,0.398756947606,0.222328352626991,"Multi-arm-high"
"SRR1295047","4",-0.21887886975282,-0.0645195619511094,0.302403761314838,"Intermediate/Mixed"
"SRR1295048","4",-0.161774100042706,-0.146776965914555,0.290533728222439,"Intermediate/Mixed"
"SRR1295050","4",0.696459513486548,0.99975990243994,1.11843525278977,"Multi-arm-high"
"SRR1295051","4",0.821773377555725,0.497661411587676,0.505721061040557,"Multi-arm-high"
"SRR1295052","4",0.416968451322196,1.02337311881705,1.415452593599,"Multi-arm-high"
"SRR1295055","4",-0.00963538714694462,0.19615507455196,0.230848851387128,"Intermediate/Mixed"
"SRR1295056","4",0.0730549070553115,-0.157241504491425,-0.12753208079086,"Intermediate/Mixed"
"SRR1295057","4",-0.0428322024779742,0.00943079394979118,0.02717959003561,"Intermediate/Mixed"
"SRR1295059","4",-0.193649675029267,0.283167392745962,0.368142565373609,"Intermediate/Mixed"
"SRR1295061","4",0.28846600307895,0.301266281368697,0.765874204576249,"Multi-arm-high"
"SRR1295062","4",-0.132884474484405,0.181736217275366,0.30103019622732,"Intermediate/Mixed"
"SRR1295064","4",-0.0571092498274128,1.00295555475965,1.4449349994216,"Multi-arm-high"
"SRR1295065","4",0.665014180381582,0.341038036981588,1.43059531870453,"Multi-arm-high"
"SRR1295066","4",-0.0376333994863992,0.0161341967285303,-0.243966740380435,"Intermediate/Mixed"
"SRR1295067","4",0.365451224070831,0.995830763624004,1.27623786213995,"Multi-arm-high"
"SRR1295075","4",0.1169277947306,0.521331722737732,0.660608849433597,"Multi-arm-high"
"SRR1295151","4",0.104216268786016,-0.223494313547039,0.635008144684175,"PERK-high"
"SRR1295360","4",0.187599576295201,0.364498351625779,0.984715795173832,"Multi-arm-high"
"SRR1294780","5",-0.0241093118611329,0.0707138188075701,0.0123728159619684,"Intermediate/Mixed"
"SRR1294781","5",0.279419109845258,0.402527030327057,0.644254270871908,"Multi-arm-high"
"SRR1294784","5",-0.0263490279493256,-0.101840399692646,0.0277743470305994,"Intermediate/Mixed"
"SRR1294785","5",0.274507919812705,0.301873173878691,0.982912037137193,"Multi-arm-high"
"SRR1294786","5",0.0679536976184729,0.0306773505741401,0.0317477406157689,"Intermediate/Mixed"
"SRR1294787","5",0.114398866745776,0.414848107015598,0.982564199181453,"Multi-arm-high"
"SRR1294789","5",0.325713617151492,0.455542932396124,1.04096376205084,"Multi-arm-high"
"SRR1294790","5",0.235810511709492,0.00903874404883886,0.0841893330989115,"PERK-high"
"SRR1294791","5",0.127466196837589,0.380838719094458,1.06289993162935,"Multi-arm-high"
"SRR1294793","5",-0.0602398251933288,0.240384168390026,0.830090099311529,"ATF6-high"
"SRR1294794","5",-0.0489397168562659,0.204785080652325,0.648754662748982,"Intermediate/Mixed"
"SRR1294795","5",-0.262784683146179,0.0535124975735158,-0.0209221283025026,"Intermediate/Mixed"
"SRR1294796","5",0.279457372282545,0.702625226050333,1.71488590052067,"Multi-arm-high"
"SRR1294797","5",0.042576778436229,0.506648696043459,0.91977097880618,"Multi-arm-high"
"SRR1294799","5",-0.0220849042861951,0.184189000815028,0.239654411118536,"Intermediate/Mixed"
"SRR1294800","5",0.179778644255749,0.500154930013496,1.39324814411927,"Multi-arm-high"
"SRR1294801","5",0.110781794531523,0.300708258270404,0.723094837717973,"PERK-high"
"SRR1294803","5",0.0346421146957464,0.446018321589585,1.29055047949416,"Multi-arm-high"
"SRR1294806","5",-0.083686192533624,0.177871748811419,0.761006786704785,"Intermediate/Mixed"
"SRR1294807","5",-0.226719076872163,-0.264954364612064,0.0481546446231661,"All-low"
"SRR1294810","5",0.139542948705767,0.0611009944991731,0.548745064179599,"PERK-high"
"SRR1294811","5",-0.0613459252640898,0.00864063977204965,-0.0532579688169837,"Intermediate/Mixed"
"SRR1294812","5",-0.130120247545213,0.118672352090671,0.577319817605664,"Intermediate/Mixed"
"SRR1294813","5",0.110928154373979,0.513020474507328,1.12762685786945,"Multi-arm-high"
"SRR1294814","5",0.620739822535935,0.625429678174888,1.81285685128522,"Multi-arm-high"
"SRR1294815","5",0.283794007043234,0.138365272187914,0.416526167808348,"PERK-high"
"SRR1294817","5",-0.0511537660157731,0.0116481254985681,0.149119579979117,"Intermediate/Mixed"
"SRR1294818","5",0.24570339419954,0.293977690545252,0.852441554986226,"Multi-arm-high"
"SRR1294819","5",-0.15262365699234,0.460686563718853,1.19070028765287,"Multi-arm-high"
"SRR1294820","5",0.0975236951697318,0.352585789787222,0.119942005774649,"Multi-arm-high"
"SRR1294822","5",0.152471734040179,0.0570722496552067,0.456524240246514,"PERK-high"
"SRR1294823","5",-0.155885094557856,0.237212350307991,0.3903375482271,"Intermediate/Mixed"
"SRR1294824","5",0.472143199426059,0.717598374384272,1.47128045414867,"Multi-arm-high"
"SRR1294825","5",-0.199759225825715,0.157468895972956,0.386724922481616,"Intermediate/Mixed"
"SRR1294826","5",0.49050233268712,0.496914017174283,1.01467054253656,"Multi-arm-high"
"SRR1294827","5",-0.0226719223288857,0.260990829611476,0.867669059300783,"ATF6-high"
"SRR1294828","5",0.358499458161603,0.296541458995049,0.487107829158258,"PERK-high"
"SRR1294829","5",-0.0374573354978183,0.409876476284584,1.42718399842102,"Multi-arm-high"
"SRR1294830","5",-0.0629406139801799,0.523621875793872,0.8887323145019,"Multi-arm-high"
"SRR1294832","5",-0.13842459228,0.224992907608851,0.816848582798559,"ATF6-high"
"SRR1294833","5",0.431106601188304,0.336026237511967,0.722707864247297,"Multi-arm-high"
"SRR1294834","5",-0.234022389384546,0.0291535586492244,0.676671803445762,"Intermediate/Mixed"
"SRR1294836","5",0.173335159339845,0.341609465833991,0.462190853006219,"Multi-arm-high"
"SRR1294839","5",0.198012183805206,0.358718473045797,0.857507577948958,"Multi-arm-high"
"SRR1294840","5",0.317176079755976,-0.308121163654293,0.0931230601907451,"PERK-high"
"SRR1294841","5",-0.140566873619535,0.360926281363341,0.689987262680949,"IRE1-high"
"SRR1294842","5",0.10738752444014,0.228391831890374,0.663293736205113,"PERK-high"
"SRR1294843","5",0.246657370555599,-0.0581680793907058,0.0861031024367213,"PERK-high"
"SRR1294844","5",0.248049296996912,0.22261302442155,0.560438912689372,"PERK-high"
"SRR1294845","5",0.00492451311360875,0.391362178293714,1.21802407088293,"Multi-arm-high"
"SRR1294849","5",-0.0819823313141598,0.397505897424914,0.976513529954854,"Multi-arm-high"
"SRR1294850","5",-0.158520219096002,-0.0814448259489154,0.448544696440584,"Intermediate/Mixed"
"SRR1294851","5",-0.0252330639756176,0.360503003541574,1.32589107209091,"Multi-arm-high"
"SRR1294854","5",-0.0375176595981271,0.391666276840148,1.14421646561424,"Multi-arm-high"
"SRR1294857","5",0.0743796959948764,0.399717010963317,1.02905394427815,"Multi-arm-high"
"SRR1294858","5",0.271676868075923,0.424753433508224,0.823098396556265,"Multi-arm-high"
"SRR1294860","5",0.0069281571052569,0.373458234030713,0.530510118881342,"IRE1-high"
"SRR1294862","5",0.0916985866838921,0.200086967348852,0.872787154963661,"Multi-arm-high"
"SRR1294864","5",0.0763284755333539,0.122899528355199,0.187837046278791,"Intermediate/Mixed"
"SRR1294865","5",0.0663835874437278,0.354927866696773,0.397182782245479,"IRE1-high"
"SRR1294866","5",0.275196483043907,0.199867827378313,0.704909722890835,"PERK-high"
"SRR1294867","5",0.0572129512849828,0.421747882167675,1.03049626542212,"Multi-arm-high"
"SRR1294868","5",0.402569476776122,0.614042797312125,1.71535818061736,"Multi-arm-high"
"SRR1294869","5",0.0843388894804077,-0.0946356083417315,0.475378102871666,"Intermediate/Mixed"
"SRR1294870","5",0.0467326480183697,0.20268840076069,0.336670325844849,"Intermediate/Mixed"
"SRR1294871","5",0.0211612745161921,0.140906998149765,0.565078900317718,"Intermediate/Mixed"
"SRR1294872","5",-0.146156190550899,0.199114291817578,0.30064620712644,"Intermediate/Mixed"
"SRR1294873","5",0.194097352351639,0.174064080982387,0.605660412871887,"PERK-high"
"SRR1294874","5",0.0158085870816565,0.0133995817882545,0.392811765196385,"Intermediate/Mixed"
"SRR1294875","5",-0.100395001171388,0.0428292927201831,0.22306748266106,"Intermediate/Mixed"
"SRR1294909","5",-0.2766707347012,-0.0545768546144198,0.434127667766996,"Intermediate/Mixed"
"SRR1295024","5",-0.079153785426417,0.179328574107082,0.152414375606195,"Intermediate/Mixed"
"SRR1295049","5",0.557612528644177,-0.155165022380041,0.749140908464973,"PERK-high"
"SRR1295101","5",-0.244351116240054,-0.0326138319837792,0.546304935666295,"Intermediate/Mixed"
"SRR1295358","5",-0.0435456836698723,0.191956177053486,0.568509013735609,"Intermediate/Mixed"
"SRR1295212","6",0.413592556574791,0.0678653028555205,-0.516191367102656,"PERK-high"
"SRR1295213","6",-0.224930501799724,0.235424176694464,0.60542241821999,"Intermediate/Mixed"
"SRR1295214","6",0.17944955569979,0.764388186696104,1.23688060351341,"Multi-arm-high"
"SRR1295217","6",0.0441731581101387,0.477689616464559,0.180914834715498,"IRE1-high"
"SRR1295219","6",-0.194402529923996,0.423308171180687,0.412711608115926,"IRE1-high"
"SRR1295222","6",0.0525520687439152,0.501233226281113,0.586564872266735,"IRE1-high"
"SRR1295262","6",0.0289560316720751,0.352926230974982,0.836635942301778,"Multi-arm-high"
"SRR1295263","6",-0.0363236700715212,-0.0112893849971347,0.228505095052012,"Intermediate/Mixed"
"SRR1295264","6",0.12706543113972,-0.218339383509755,-0.00087687416138027,"PERK-high"
"SRR1295265","6",0.328873042993812,-0.144029946279908,0.281643870189011,"PERK-high"
"SRR1295267","6",0.076345082414614,-0.0153623887762626,0.172439861576785,"Intermediate/Mixed"
"SRR1295268","6",0.105770128235756,0.187704307756787,0.725445213609101,"PERK-high"
"SRR1295269","6",0.0968230351495746,-0.0176310387954264,0.391987528357905,"PERK-high"
"SRR1295270","6",0.0435159777959478,0.113818894934228,0.616962499065942,"Intermediate/Mixed"
"SRR1295271","6",0.139292548182476,0.296002762755867,0.764660494225326,"Multi-arm-high"
"SRR1295272","6",0.607493893503595,-0.117361396338418,0.377458575561973,"PERK-high"
"SRR1295273","6",0.204453948014217,0.211327148629544,0.223804702582019,"PERK-high"
"SRR1295274","6",-0.0288829646737122,0.344213674327758,0.827564911849941,"Multi-arm-high"
"SRR1295275","6",0.200694596556257,-0.0740115190213984,-0.0649904305702625,"PERK-high"
"SRR1295276","6",0.00437570689696065,0.177031743701893,-0.00841654352818022,"Intermediate/Mixed"
"SRR1295277","6",0.440260516821523,0.381043991034416,0.603739360017719,"Multi-arm-high"
"SRR1295279","6",0.191343577857051,0.178712137244857,0.587552442079465,"PERK-high"
"SRR1295280","6",-0.149848215017974,0.0100301617796084,0.238870905115928,"Intermediate/Mixed"
"SRR1295281","6",0.182868372853966,0.229595281098142,0.47103867025651,"PERK-high"
"SRR1295283","6",0.298281317089647,0.159930918859613,0.255136248380134,"PERK-high"
"SRR1295284","6",0.318197222935324,0.372849425975675,0.570348398447036,"Multi-arm-high"
"SRR1295285","6",0.0833409428860302,0.592449529787086,1.28314954590487,"Multi-arm-high"
"SRR1295286","6",-0.214045789874962,0.0552945049448219,0.0164518214113663,"Intermediate/Mixed"
"SRR1295287","6",-0.0655541135019618,0.330881349842311,0.7169773879527,"IRE1-high"
"SRR1295288","6",0.0928836512941583,0.037357549821684,0.464955437793255,"PERK-high"
"SRR1295289","6",-0.0244836136596973,0.232496186990706,0.578139691594845,"Intermediate/Mixed"
"SRR1295291","6",-0.0051726738925521,0.374036650194718,0.527778276923914,"IRE1-high"
"SRR1295293","6",-0.10180863043258,0.192842643015768,0.44050698339411,"Intermediate/Mixed"
"SRR1295294","6",0.107925161290101,0.313339827740704,0.617872010689476,"PERK-high"
"SRR1295295","6",-0.120307911494502,-0.155843235084994,-0.0978967662792675,"Intermediate/Mixed"
"SRR1295296","6",0.144603590112652,0.141217040017047,0.327727658652505,"PERK-high"
"SRR1295297","6",0.116812518914277,0.21041698820579,0.320135860096179,"PERK-high"
"SRR1295298","6",0.188546964348232,0.136184174143301,0.15207101902234,"PERK-high"
"SRR1295301","6",-0.140017732617371,0.192116618975952,0.476844862728603,"Intermediate/Mixed"
"SRR1295302","6",0.242772526468843,0.310970231325089,0.385853379994869,"PERK-high"
"SRR1295303","6",-0.105436814618034,0.286527500431731,0.277333272318592,"Intermediate/Mixed"
"SRR1295305","6",-0.0330909185580384,0.177667347102107,0.511649799866096,"Intermediate/Mixed"
"SRR1295306","6",0.109632597161708,0.213672068882578,0.177485740536444,"PERK-high"
"SRR1295308","6",0.140141668761856,0.0360126691388883,-0.158272916034079,"PERK-high"
"SRR1295309","6",0.00814828145210594,0.285545568068007,0.467461328399152,"Intermediate/Mixed"
"SRR1295310","6",-0.144929735003079,0.489938325854505,0.920328476858233,"Multi-arm-high"
"SRR1295311","6",0.00227583160831252,0.237459431497251,0.364446789687913,"Intermediate/Mixed"
"SRR1295313","6",-0.00742739489055272,0.206748675924265,0.155134922125243,"Intermediate/Mixed"
"SRR1295314","6",0.0267057347297798,0.223223279254148,0.646113749103898,"Intermediate/Mixed"
"SRR1295315","6",0.0046426840592052,0.231072535773902,0.381980492092495,"Intermediate/Mixed"
"SRR1295318","6",0.294298862862097,0.0381455248870025,0.246976570983839,"PERK-high"
"SRR1295319","6",0.105204181789355,0.220168607982904,0.252642881206464,"PERK-high"
"SRR1295320","6",0.121100143259688,0.109366064656225,0.246473082388491,"PERK-high"
"SRR1295322","6",0.175764648659039,0.0697867104664454,0.301999488596603,"PERK-high"
"SRR1295325","6",0.144296368795103,0.559665762921988,0.582689003078899,"Multi-arm-high"
"SRR1295329","6",0.0654176079531803,0.122983823568583,0.555418045416289,"Intermediate/Mixed"
"SRR1295330","6",0.434198095928955,0.0429904127070592,0.101757727502229,"PERK-high"
"SRR1295334","6",0.178162808741219,0.534346113422434,0.948126086638132,"Multi-arm-high"
"SRR1295336","6",-0.126786573400417,0.258026923827656,0.550197876316151,"Intermediate/Mixed"
"SRR1295337","6",0.391148832726747,0.209939911893977,0.173129958497011,"PERK-high"
"SRR1295339","6",0.0972772926839469,0.389629610230931,0.587704021598135,"Multi-arm-high"
"SRR1295342","6",-0.196258312463563,0.365617838463557,0.453632609856745,"IRE1-high"
"SRR1295344","6",0.0694116846676143,0.210259188390933,0.371837124887726,"Intermediate/Mixed"
"SRR1295345","6",-0.09877178362179,0.537339007526166,0.970236531713613,"Multi-arm-high"
"SRR1295346","6",0.0179245609593061,0.235016826056353,0.364632270122541,"Intermediate/Mixed"
"SRR1295347","6",-0.0957082544137854,0.193270680231514,0.411294931009675,"Intermediate/Mixed"
"SRR1295348","6",-0.181541689501071,0.0578673551806607,0.644467446824094,"Intermediate/Mixed"
"SRR1295349","6",0.280553742282481,0.0564625038790435,-0.00709752813267561,"PERK-high"
"SRR1295350","6",0.133734991862635,0.273004517249038,0.521149989213141,"PERK-high"
"SRR1295352","6",-0.0931257776043596,0.0335623126582517,0.0188210777265745,"Intermediate/Mixed"
"SRR1295354","6",-0.0286922556532942,0.330804533013852,0.100511109379292,"IRE1-high"
"SRR1295355","6",0.0994909069976721,0.411052626406878,0.769065283938691,"Multi-arm-high"
"SRR1295364","6",-0.0149034630857394,0.397335607073071,1.17760738460168,"Multi-arm-high"
"SRR1295167","7",0.101553646963496,0.359782798442842,1.03497243376985,"Multi-arm-high"
"SRR1295168","7",-0.0767317315436118,0.275260426005109,0.867358278293728,"ATF6-high"
"SRR1295170","7",-0.0053910938249081,0.35591887090516,0.704910224722929,"IRE1-high"
"SRR1295171","7",-0.0308840398648373,-0.00233734483325088,0.203459404515791,"Intermediate/Mixed"
"SRR1295173","7",0.0127959029363007,0.20481270836693,0.626196558694255,"Intermediate/Mixed"
"SRR1295174","7",0.70566217266289,0.140300115652496,0.505538127160763,"PERK-high"
"SRR1295175","7",-0.218660930177712,0.263777691302358,1.02929850652019,"ATF6-high"
"SRR1295176","7",0.156118650891828,0.583248968494266,0.75014647325129,"Multi-arm-high"
"SRR1295177","7",0.0334682709959075,0.438692572103772,0.713969834993677,"IRE1-high"
"SRR1295180","7",-0.102216393787261,0.553123601718712,0.905318492570756,"Multi-arm-high"
"SRR1295181","7",-0.0124741428013442,0.669604758071727,0.863678991487287,"Multi-arm-high"
"SRR1295182","7",0.248088603537879,0.23893441685337,0.271376663272398,"PERK-high"
"SRR1295184","7",-0.0345178846998986,0.348813145492445,0.81087788687717,"Multi-arm-high"
"SRR1295185","7",0.316845987381464,0.378187408844031,0.856740274826132,"Multi-arm-high"
"SRR1295187","7",-0.0977300721058781,0.354156704684392,0.930876900883159,"Multi-arm-high"
"SRR1295188","7",0.155732528176572,0.265706921196334,0.63057973563092,"PERK-high"
"SRR1295189","7",0.154736448586589,0.168185442339672,0.415268326209333,"PERK-high"
"SRR1295190","7",0.109074753601921,0.29897210155869,0.112766207879547,"PERK-high"
"SRR1295191","7",-0.0000791392223324361,0.398573350596612,0.725279287320785,"IRE1-high"
"SRR1295192","7",-0.130776092229731,0.403478792954063,0.918460045408941,"Multi-arm-high"
"SRR1295194","7",-0.118215414224421,0.515742293882676,0.953404076388084,"Multi-arm-high"
"SRR1295196","7",0.0960261774665807,0.327039991351418,0.581637882784103,"PERK-high"
"SRR1295197","7",0.0127473095598007,0.246542752835727,0.492835832622897,"Intermediate/Mixed"
"SRR1295198","7",0.0764610091464573,0.172158895724849,0.349232410494699,"Intermediate/Mixed"
"SRR1295199","7",0.499505082416015,0.274381925914846,0.665176844939773,"PERK-high"
"SRR1295200","7",-0.0119011819240272,0.280962962586732,0.67419528167241,"Intermediate/Mixed"
"SRR1295202","7",0.986057154644888,0.429273772777585,0.905960741948303,"Multi-arm-high"
"SRR1295203","7",0.215390428882799,0.556069811227314,0.836864481487265,"Multi-arm-high"
"SRR1295204","7",0.096725384880913,0.202596122573287,0.46819418763069,"PERK-high"
"SRR1295205","7",-0.173196575658849,0.360412865448322,0.307244783011472,"IRE1-high"
"SRR1295206","7",0.00700699599640375,0.16443451566106,0.375156583031972,"Intermediate/Mixed"
"SRR1295207","7",-0.116903772707716,0.321782613776536,0.592421441120221,"Intermediate/Mixed"
"SRR1295208","7",0.0320554310620955,0.26404658221601,0.626419178032156,"Intermediate/Mixed"
"SRR1295209","7",0.193976633061031,0.192164354709604,0.254857041271024,"PERK-high"
"SRR1295210","7",-0.0607721298117672,0.185973543497944,0.791157785666231,"ATF6-high"
"SRR1295211","7",-0.019835094921896,-0.0122101791269372,0.127338322009167,"Intermediate/Mixed"
"SRR1295225","7",-0.0522992781774527,0.269854161898948,1.00787678021356,"ATF6-high"
"SRR1295226","7",-0.110678564105116,0.180502336303308,0.455932662942844,"Intermediate/Mixed"
"SRR1295227","7",-0.0534273512187187,0.153201449493519,0.151885151985102,"Intermediate/Mixed"
"SRR1295228","7",0.521893961403093,0.455971644242626,0.968728386971792,"Multi-arm-high"
"SRR1295229","7",-0.267523345442221,0.679990305578956,1.58017734312574,"Multi-arm-high"
"SRR1295230","7",-0.0758846654884359,0.433828825954259,0.909736914162168,"Multi-arm-high"
"SRR1295231","7",-0.0518842376332442,0.477417522559794,1.25540779455606,"Multi-arm-high"
"SRR1295233","7",-0.0638078844390038,0.582362296534321,1.38777505204933,"Multi-arm-high"
"SRR1295234","7",0.0371842127404245,0.397401799468184,0.669087884300111,"IRE1-high"
"SRR1295235","7",-0.243543889211154,0.546900489160469,0.742840739381061,"IRE1-high"
"SRR1295236","7",-0.0794070146111669,0.305726489679283,0.489108939171591,"Intermediate/Mixed"
"SRR1295237","7",0.0764561637134903,0.43288187352895,0.847243061405179,"Multi-arm-high"
"SRR1295239","7",0.47778483442082,0.187738664629737,0.790222281155693,"Multi-arm-high"
"SRR1295240","7",0.0409265608671705,0.391865119037794,0.644602914241263,"IRE1-high"
"SRR1295242","7",0.260406112076503,-0.133009391134425,-0.224897422665343,"PERK-high"
"SRR1295243","7",-0.232821408024605,0.57873819766025,1.06387377261097,"Multi-arm-high"
"SRR1295244","7",-0.0600199337351967,0.174880793716821,0.218540572915808,"Intermediate/Mixed"
"SRR1295245","7",-0.13464711217704,0.752212535391936,1.24910855110302,"Multi-arm-high"
"SRR1295246","7",0.442130337958996,0.194297087562559,0.607840421470021,"PERK-high"
"SRR1295249","7",-0.226219506307537,0.137054922940436,0.565870840705038,"Intermediate/Mixed"
"SRR1295250","7",-0.0782045329708822,0.514719145393196,0.997903434649629,"Multi-arm-high"
"SRR1295251","7",-0.109867303397285,0.573716394412975,0.938790438516675,"Multi-arm-high"
"SRR1295252","7",-0.0151384844391376,0.287266011221094,0.459156437207954,"Intermediate/Mixed"
"SRR1295253","7",-0.0717927036056482,0.0973472096008682,0.116482126027452,"Intermediate/Mixed"
"SRR1295254","7",-0.22484332538821,-0.0351419164546882,0.179638688490293,"Intermediate/Mixed"
"SRR1295256","7",0.243078246147441,0.405167236316308,0.751874957355192,"Multi-arm-high"
"SRR1295258","7",-0.0679935484829635,0.540849489797586,0.489076738278834,"IRE1-high"
"SRR1295259","7",0.175279135709311,-0.122515403001798,0.221646610621367,"PERK-high"
"SRR1295363","7",0.0603886173703557,0.143400822313833,0.788947903193027,"ATF6-high"
"SRR1294564","8",0.101030382564598,0.28210791930771,0.633412382846099,"PERK-high"
"SRR1294616","8",-0.220533709344227,0.0697724397246143,0.321403166251826,"Intermediate/Mixed"
"SRR1294626","8",-0.122047562770485,0.13168673826544,0.417582940287716,"Intermediate/Mixed"
"SRR1294652","8",0.129555280104171,-0.0622068722503725,0.0155018077586153,"PERK-high"
"SRR1294690","8",0.113721126901579,-0.0317145103913355,0.0917477331257091,"PERK-high"
"SRR1294712","8",-0.174373229562031,0.0436299635949129,0.515670893563937,"Intermediate/Mixed"
"SRR1294729","8",-0.189235476374437,0.0299356818888332,0.142592367775919,"Intermediate/Mixed"
"SRR1294762","8",0.047658005438003,0.105677065860468,0.202571646906353,"Intermediate/Mixed"
"SRR1294771","8",-0.230945178572203,-0.0321948437709081,0.00221791309066899,"All-low"
"SRR1294859","8",-0.2628445175484,0.00880876855559082,0.410204502589305,"Intermediate/Mixed"
"SRR1294876","8",-0.0242258192939422,-0.126904343040992,-0.116152420415171,"Intermediate/Mixed"
"SRR1294892","8",-0.132325884102087,-0.167693155277368,0.245287401230071,"Intermediate/Mixed"
"SRR1294904","8",-0.154871700368368,0.0498205083580613,0.123973376350895,"Intermediate/Mixed"
"SRR1294905","8",-0.0753920205429206,0.0210512815826079,0.410975043824415,"Intermediate/Mixed"
"SRR1294916","8",-0.211265123174583,0.164175225015305,0.651769827627195,"Intermediate/Mixed"
"SRR1294917","8",-0.183308547881503,0.344233923899722,0.581538245932967,"IRE1-high"
"SRR1294921","8",-0.206097530299969,0.196354748434503,1.38283235572057,"ATF6-high"
"SRR1294945","8",-0.0301630644053646,-0.077753481203319,0.207994345034471,"Intermediate/Mixed"
"SRR1294954","8",-0.171172227686736,0.659298696507347,1.16083570916652,"Multi-arm-high"
"SRR1294961","8",-0.208778405679336,0.0561981425985827,0.713807316624606,"Intermediate/Mixed"
"SRR1294964","8",-0.218032873774736,0.433513040198009,1.04792545356211,"Multi-arm-high"
"SRR1294966","8",-0.306931084429576,0.000926060931854544,0.200017457031163,"Intermediate/Mixed"
"SRR1295008","8",-0.158638385841712,0.00577832372280118,0.146389122591681,"Intermediate/Mixed"
"SRR1295068","8",-0.0165996270835463,-0.147396535293745,-0.0863805224869333,"Intermediate/Mixed"
"SRR1295084","8",-0.116756963642348,-0.151408559520014,0.355065315330592,"Intermediate/Mixed"
"SRR1295096","8",-0.12789198316914,0.0406139548157599,0.162268963444929,"Intermediate/Mixed"
"SRR1295097","8",-0.0819640769229467,0.0117055772596271,0.471512006394234,"Intermediate/Mixed"
"SRR1295108","8",-0.177618311804316,0.168699072983215,0.761405467453927,"Intermediate/Mixed"
"SRR1295109","8",-0.200469324306645,0.386041197126691,0.663682544155016,"IRE1-high"
"SRR1295113","8",-0.213389079548076,0.2123087234279,1.45216924054596,"ATF6-high"
"SRR1295137","8",0.0045257567624174,-0.0487828587700582,0.270687667536851,"Intermediate/Mixed"
"SRR1295146","8",-0.176165333264969,0.722448529269114,1.26933227006838,"Multi-arm-high"
"SRR1295153","8",-0.206271195285861,0.0635711849789879,0.818365048569412,"ATF6-high"
"SRR1295156","8",-0.196934394047921,0.449033061419827,1.12072473049991,"Multi-arm-high"
"SRR1295158","8",-0.300948559340653,0.0375088962592678,0.335313014190836,"Intermediate/Mixed"
