"pseudotime","IRE1_score","PERK_score","ATF6_score","Dataset"
1,0.288977108549367,0.604484315575782,0.894704235300808,"Patel (2014)"
2,-0.137458576299851,-0.249028290561168,-0.38937532606454,"Patel (2014)"
3,-0.106852226107976,-0.160070319964689,-0.200661047767084,"Patel (2014)"
4,-0.202237345171209,-0.0723568051684167,-0.250660209064476,"Patel (2014)"
5,0.415410527502841,-0.168946145403566,0.337519614723843,"Patel (2014)"
6,-0.0658304676087006,0.54162034688982,0.49128514420676,"Patel (2014)"
7,-0.153044494969967,-0.0026489496068024,0.596566730328799,"Patel (2014)"
8,-0.325630048171092,-0.131506368990215,0.210555115091118,"Patel (2014)"
9,0.379576166935346,-0.0932175174507234,0.862098229374842,"Patel (2014)"
10,0.0901496808408574,-0.11434903968939,0.146380824772959,"Patel (2014)"
11,-0.171101911851832,0.373747089700255,-0.332365563985636,"Patel (2014)"
12,0.300567537808273,0.721265090958076,0.720700309184428,"Patel (2014)"
13,0.0743610700215542,-0.111250339568315,0.251418979970722,"Patel (2014)"
14,-0.0146940079043285,0.423923631191505,0.541657407796864,"Patel (2014)"
15,-0.33666883046836,-0.106666462155519,-0.516324474628766,"Patel (2014)"
16,0.909128866510568,1.30416534238418,1.35210612317058,"Patel (2014)"
17,-0.0353562870588716,0.0329563787687376,-0.112699193682543,"Patel (2014)"
18,0.176530372320462,-0.044452046043796,0.630856662058829,"Patel (2014)"
19,-0.135571329000881,-0.0285527478373952,-0.195319670988199,"Patel (2014)"
20,-0.330194976019656,0.311022004973958,-0.299966703317689,"Patel (2014)"
21,0.089037739637591,-0.14754391342101,-0.212404787386404,"Patel (2014)"
22,-0.40387110772136,-0.0724534113569093,0.237047024736004,"Patel (2014)"
23,-0.0251304868968552,-0.147328383701022,-0.253327549948553,"Patel (2014)"
24,-0.17267748223335,-0.00174822881303899,-0.559544156386178,"Patel (2014)"
25,-0.0167501734490276,-0.22282278613143,0.411821066323701,"Patel (2014)"
26,-0.30774158160695,0.191837747477824,-0.317392119410383,"Patel (2014)"
27,0.130969117640388,0.3660175225805,0.157752216167416,"Patel (2014)"
28,0.123915428182641,0.804988515758624,1.3263769612282,"Patel (2014)"
29,-0.350114122134931,0.00418959561009757,-0.526308992611787,"Patel (2014)"
30,-0.288963951699318,0.248544651221267,0.168986481016168,"Patel (2014)"
31,0.103846962204483,-0.160165585346473,0.112096761232812,"Patel (2014)"
32,-0.133591457549888,-0.0369182763494533,0.140600427032491,"Patel (2014)"
33,-0.217099177253851,-0.135292142369747,-0.385511803917868,"Patel (2014)"
34,0.306518875615762,0.678909419840091,0.876328263718091,"Patel (2014)"
35,-0.0768290731297862,-0.0811593531964848,0.322429624909769,"Patel (2014)"
36,0.0415850814132985,-0.00406557897469062,0.0194777823286224,"Patel (2014)"
37,-0.122366800502231,-0.208576848072635,-0.302851322906241,"Patel (2014)"
38,0.0235562204523284,-0.1973285565367,0.372448028787608,"Patel (2014)"
39,-0.0952905932307017,-0.0524502727386732,0.086474944947734,"Patel (2014)"
40,-0.240473654539381,0.37330823632585,-0.376378752171834,"Patel (2014)"
41,-0.204168717266174,-0.0860757298007628,-0.25649706894322,"Patel (2014)"
42,-0.14642063334971,0.0214700936009876,0.00620702779369064,"Patel (2014)"
43,-0.0340355318755058,-0.179592835142531,-0.116464115489325,"Patel (2014)"
44,0.0509350995810852,-0.138684103092108,0.0481163651758381,"Patel (2014)"
45,0.12523294083261,-0.151840614181757,-0.239618153501321,"Patel (2014)"
46,0.328214396827077,0.315530954270919,0.0428254871525823,"Patel (2014)"
47,0.0628677441980722,-0.185595441971924,-0.404648251058439,"Patel (2014)"
48,-0.18469045890047,-0.0561639662725075,-0.301604899876662,"Patel (2014)"
49,-0.194219177314496,-0.189403089524632,-0.213330733393156,"Patel (2014)"
50,-0.0508789884604268,0.104282948709371,0.947467337111429,"Patel (2014)"
51,0.61145860110169,0.117066532723643,1.48724863885845,"Patel (2014)"
52,-0.137028241161111,-0.220412081841151,-0.299754464821369,"Patel (2014)"
53,-0.0930344578186995,-0.189615122915231,0.053669132559612,"Patel (2014)"
54,-0.260739354837661,0.0183754843202226,-0.184495095076559,"Patel (2014)"
55,-0.213856793867223,-0.106802772500047,-0.385912087168072,"Patel (2014)"
56,0.231998920392722,-0.0352395030777214,0.289273290327728,"Patel (2014)"
57,-0.161888018753012,-0.0558188183056337,-0.439951427312633,"Patel (2014)"
58,-0.110793089126242,0.0870452095487286,0.140096651254747,"Patel (2014)"
59,-0.0335607015594457,-0.00919288452206918,-0.0824876989499085,"Patel (2014)"
60,-0.0165520185708989,-0.255560989126098,0.177046194795771,"Patel (2014)"
61,0.685421888485497,-0.249628074190592,1.04022052841115,"Patel (2014)"
62,0.263195421918708,-0.0620482683315317,-0.0148816605921963,"Patel (2014)"
63,-0.103733075276479,-0.0708816085667134,-0.217085941789361,"Patel (2014)"
64,0.114612720927246,0.350235972037687,-0.0479390141877234,"Patel (2014)"
65,0.101265232159958,0.266362815908185,0.266794545836281,"Patel (2014)"
66,0.0189922392314799,-0.137946548677621,-0.381316311816027,"Patel (2014)"
67,-0.11311221257233,-0.0872874548589146,-0.283787220719894,"Patel (2014)"
68,0.250020325211834,0.0126008131763301,-0.0416685127694371,"Patel (2014)"
69,-0.312879877054559,-0.00022846026084683,-0.0580896070169636,"Patel (2014)"
70,-0.134994668680297,-0.0236914197116123,0.809610649745072,"Patel (2014)"
71,0.070099531559193,-0.0430868783736456,0.106249305735796,"Patel (2014)"
72,0.511948388381442,0.203444218449238,0.711724877071228,"Patel (2014)"
73,0.28210791930771,0.101030382564598,0.633412382846099,"Patel (2014)"
74,-0.250731204902707,-0.253756302165155,0.0113086234120876,"Patel (2014)"
75,0.224280415035363,0.0859028730912427,1.33326778757741,"Patel (2014)"
76,-0.293693316047786,-0.17196456616579,-0.384587126353737,"Patel (2014)"
77,0.0642999451625846,0.0779524922966208,-0.352898304598704,"Patel (2014)"
78,-0.17427903415856,0.11217342360488,-0.265130507498863,"Patel (2014)"
79,-0.209146574476169,0.384287657743385,-0.263532819320972,"Patel (2014)"
80,-0.0213190239353545,0.385555869077376,0.404416123247765,"Patel (2014)"
81,0.33118535033582,0.126048466865108,0.254003929663047,"Patel (2014)"
82,0.0773459263445255,-0.205482232730843,0.653092079010007,"Patel (2014)"
83,0.425188195682355,-0.0888058805645458,0.0392088646798944,"Patel (2014)"
84,1.38982360419299,-0.15629813804308,1.72464743904389,"Patel (2014)"
85,0.698489937148396,0.348485448267478,1.16893675557321,"Patel (2014)"
86,0.611469468336982,0.20723296391158,0.656916883510816,"Patel (2014)"
87,0.412837384714914,0.394058872260714,0.516321354222009,"Patel (2014)"
88,-0.267986535694944,0.115403960325458,-0.34959439798852,"Patel (2014)"
89,-0.319848200170719,0.0584806831119639,-0.197373064446587,"Patel (2014)"
90,-0.208742101176077,-0.103850874175419,0.126967327142443,"Patel (2014)"
91,0.51783728803588,0.444163752971451,0.2507122770332,"Patel (2014)"
92,-0.149933859995553,0.000638336466944833,0.0403134237549793,"Patel (2014)"
93,0.257661689900311,-0.0838247362453179,0.514377253754714,"Patel (2014)"
94,-0.270769363798585,-0.158464929403611,-0.439233459179078,"Patel (2014)"
95,0.140188545715972,0.122120536224542,0.783698988056183,"Patel (2014)"
96,0.624496910403326,0.419193892336086,0.955967338023577,"Patel (2014)"
97,-0.237542055117602,-0.0703471810368108,0.319642051877525,"Patel (2014)"
98,0.106345059258266,-0.273190423830166,0.545827505917119,"Patel (2014)"
99,-0.219520785405834,-0.0631431400760639,-0.246888411315791,"Patel (2014)"
100,-0.260679761433793,-0.182389859788659,-0.257989902836534,"Patel (2014)"
101,0.0508839941510094,-0.0988211383220731,0.730687817474794,"Patel (2014)"
102,-0.126768350388732,-0.0898074278807359,0.0413126214186639,"Patel (2014)"
103,-0.0223368170211766,-0.0880852373058502,0.155739350372476,"Patel (2014)"
104,0.517302337511265,0.343051783312932,0.585237246424362,"Patel (2014)"
105,-0.0680577365076264,0.0574199818759774,0.188774946777043,"Patel (2014)"
106,-0.173169064310429,-0.199116032911997,-0.528520404384317,"Patel (2014)"
107,-0.0534741383302569,-0.094171122139937,0.742676735922899,"Patel (2014)"
108,-0.183017005216678,-0.126168775623743,-0.163217794926763,"Patel (2014)"
109,0.164532581409944,0.0838532165272486,0.736022970378912,"Patel (2014)"
110,0.0872896015355695,-0.087294234284417,0.348959023622951,"Patel (2014)"
111,-0.0831900991224938,-0.136017165281983,-0.534399987241274,"Patel (2014)"
112,0.160796764401908,0.457853502122467,0.871672458479217,"Patel (2014)"
113,-0.0665191042424819,0.106009085398146,0.27756798131939,"Patel (2014)"
114,0.0614849357340765,-0.100125901212802,-0.184662117325777,"Patel (2014)"
115,-0.194543234094707,-0.127329492946186,0.115288245361183,"Patel (2014)"
116,-0.0179127276990294,-0.0252929634208532,0.130722529655391,"Patel (2014)"
117,0.0966101855643466,-0.141934714595732,0.921330566522439,"Patel (2014)"
118,0.120561944000015,0.356911011481492,0.789565263510915,"Patel (2014)"
119,-0.0993593575037922,-0.132379589850309,0.70121903129922,"Patel (2014)"
120,0.028039980615684,-0.151871449121756,0.539644079170404,"Patel (2014)"
121,0.388695277053491,-0.253665818501759,0.448179187963537,"Patel (2014)"
122,0.136649150645654,0.0281985811348037,-0.19710086240472,"Patel (2014)"
123,-0.223539652008104,-0.0173332926085557,-0.0522797191787004,"Patel (2014)"
124,0.175641839122746,0.371193083641789,0.348793546287635,"Patel (2014)"
125,0.0697724397246143,-0.220533709344227,0.321403166251826,"Patel (2014)"
126,0.00254363799128854,-0.216457188633385,0.119740573863091,"Patel (2014)"
127,-0.130102623520539,-0.151607711565686,-0.0414796384342995,"Patel (2014)"
128,0.0534092956317356,0.11701417841632,0.338803356976367,"Patel (2014)"
129,0.0708304473092803,0.222675375675382,0.566425764272407,"Patel (2014)"
130,0.56161434335021,0.283881453752397,-0.0717243914280927,"Patel (2014)"
131,-0.0615227167364523,-0.14764332217848,0.00717908089432667,"Patel (2014)"
132,-0.279517178335945,-0.136773115736609,-0.240558365777924,"Patel (2014)"
133,0.382539250771342,0.257762410263675,0.576867663589569,"Patel (2014)"
134,-0.00745409585167522,0.0380194871843662,0.789825627577296,"Patel (2014)"
135,0.13168673826544,-0.122047562770485,0.417582940287716,"Patel (2014)"
136,0.130600341854762,-0.129364682168793,-0.131272026783976,"Patel (2014)"
137,0.296608682858666,-0.0566676969428722,0.601051419709343,"Patel (2014)"
138,-0.0380380518168149,-0.093684596447044,0.108811933479483,"Patel (2014)"
139,-0.117319925649702,-0.11243652052572,-0.369030332293183,"Patel (2014)"
140,0.0735233510767536,0.920901997813155,-0.0530425779040837,"Patel (2014)"
141,0.516243625180766,0.224558139178281,1.12681016125587,"Patel (2014)"
142,0.0476189420172259,-0.239433629129993,0.590152774136507,"Patel (2014)"
143,0.0551844109966084,-0.128382884157133,-0.157989111111587,"Patel (2014)"
144,0.100143864020886,-0.112803292654655,0.11858036700694,"Patel (2014)"
145,0.0235836139361058,0.0390943286155001,-0.27936355232318,"Patel (2014)"
146,-0.10824919261517,0.0818886585563864,-0.304778761241294,"Patel (2014)"
147,-0.0163654042401979,-0.21999621791438,0.0628356450089238,"Patel (2014)"
148,-0.31393920192271,-0.137602580460716,-0.377071794182168,"Patel (2014)"
149,-0.332727895679835,-0.0652274470441739,0.265966900943937,"Patel (2014)"
150,-0.0114777916687338,0.186552826622033,-0.0860352200448888,"Patel (2014)"
151,-0.194355508212596,-0.0862130991780491,-0.298967640125224,"Patel (2014)"
152,-0.196815346020109,-0.153133738506582,-0.165817320044124,"Patel (2014)"
153,-0.0171422142450937,-0.126739850510143,0.480804099968558,"Patel (2014)"
154,-0.250829634228997,-0.0107175430940387,-0.276173806802087,"Patel (2014)"
155,-0.303569822134981,0.436853671560669,-0.316403516282293,"Patel (2014)"
156,0.250481694750656,-0.182484806454403,0.292607004366232,"Patel (2014)"
157,0.383350371592556,0.0346697238071285,0.516478054084788,"Patel (2014)"
158,-0.123749706682737,-0.222400673862641,-0.0292287390796895,"Patel (2014)"
159,0.331053208597947,-0.174468582158133,0.46255563116757,"Patel (2014)"
160,-0.171822219017526,-0.182140070682351,0.379749190208218,"Patel (2014)"
161,-0.0622068722503725,0.129555280104171,0.0155018077586153,"Patel (2014)"
162,-0.234052993574065,-0.145667999304142,-0.421399947693634,"Patel (2014)"
163,-0.088483643446994,-0.0862794239349187,-0.0885833436104662,"Patel (2014)"
164,-0.0968105308596601,-0.0822288002073322,-0.221522841255738,"Patel (2014)"
165,0.548522592338103,-0.229822575438874,1.2478989953032,"Patel (2014)"
166,0.336692157401331,-0.0836813002268896,0.425492425391584,"Patel (2014)"
167,-0.151373600768763,-0.122460630855731,0.094061186002492,"Patel (2014)"
168,0.0817882530831189,-0.226143309503479,-0.027447457672537,"Patel (2014)"
169,0.165893749108744,-0.0775074772451227,0.295215528239115,"Patel (2014)"
170,-0.146844651532924,0.154419873167511,-0.0595247247985411,"Patel (2014)"
171,0.241928631406688,-0.0736224395828477,0.275532636217995,"Patel (2014)"
172,-0.245380047022212,0.0236317092901414,-0.290173411500338,"Patel (2014)"
173,0.0663776586867014,-0.148637811589629,0.239216546664812,"Patel (2014)"
174,0.157045507483006,0.232449095586243,0.268622429197686,"Patel (2014)"
175,-0.174125229019304,-0.102341772824833,-0.339118738722428,"Patel (2014)"
176,0.297747639100971,-0.113558152823365,0.570608139622619,"Patel (2014)"
177,0.0613394797756671,-0.0662514858547747,0.804136980363458,"Patel (2014)"
178,0.411062865834113,0.503274405939317,1.1345886540901,"Patel (2014)"
179,0.335827732446124,-0.11356346519779,0.363188993999098,"Patel (2014)"
180,-0.187088945560686,-0.113678195062496,-0.289212295558731,"Patel (2014)"
181,0.0409867303080603,0.499685242720927,0.295333824706167,"Patel (2014)"
182,-0.138288918706878,-0.214217522584463,0.289840350008016,"Patel (2014)"
183,0.376258146735523,0.446593015855767,0.970058651119172,"Patel (2014)"
184,-0.0391549442859371,-0.121112470802827,-0.202705103339755,"Patel (2014)"
185,-0.0749461186200159,0.00583542154680083,0.16946223243222,"Patel (2014)"
186,-0.09617403392546,-0.125184536451235,-0.0362725398925851,"Patel (2014)"
187,-0.195652288760533,-0.131982581855814,-0.388177776386353,"Patel (2014)"
188,0.0208323705322782,-0.26777806647227,0.622267570925145,"Patel (2014)"
189,0.336608879912062,0.026168973176933,0.887252081403801,"Patel (2014)"
190,0.353671559109059,-0.0942235284391114,0.498021593233107,"Patel (2014)"
191,-0.31466144111174,-0.151213728353975,-0.126955135034255,"Patel (2014)"
192,-0.12339181956025,-0.0603888626637442,0.432226926941947,"Patel (2014)"
193,0.0833073964691672,-0.193960889235446,0.204592022240969,"Patel (2014)"
194,-0.113019218053311,0.0324402013117133,0.318909966940204,"Patel (2014)"
195,0.147544239193487,-0.169291512139649,0.32207844332583,"Patel (2014)"
196,0.389782520187004,-0.0506905161829859,1.15896379619873,"Patel (2014)"
197,0.413355920762064,-0.110429572989913,0.645061149581056,"Patel (2014)"
198,1.29630873288815,-0.00370639721953253,1.77947801273596,"Patel (2014)"
199,-0.0317145103913355,0.113721126901579,0.0917477331257091,"Patel (2014)"
200,0.558196168924176,-0.212666279056306,1.28636973481915,"Patel (2014)"
201,0.611326280643561,0.0811571099463372,0.937798295964785,"Patel (2014)"
202,0.248441225658813,-0.000321205942051983,0.700202448245607,"Patel (2014)"
203,0.130701148332395,0.110032391389143,0.703001441217021,"Patel (2014)"
204,0.302065701201846,-0.0792441811709423,1.0121776530284,"Patel (2014)"
205,-0.122861391798298,-0.00768407728495302,-0.1123368121374,"Patel (2014)"
206,-0.00825045620931153,-0.238990442445888,-0.0124617419477369,"Patel (2014)"
207,0.353792426380479,-0.140346090121407,1.08433811257744,"Patel (2014)"
208,0.0194162186251106,0.178052205074451,0.657553568314097,"Patel (2014)"
209,0.155188787450557,-0.0484424202728605,0.978322551442455,"Patel (2014)"
210,0.234293680464073,0.0824235251070757,0.39691423434075,"Patel (2014)"
211,0.371358806719335,0.0129126609945614,0.462213053277314,"Patel (2014)"
212,0.427354884967405,0.127831175340122,0.790992325398897,"Patel (2014)"
213,0.0459576155473572,-0.19868605146121,0.744822269164764,"Patel (2014)"
214,0.45943933975726,0.0458149100557167,0.916748801502304,"Patel (2014)"
215,0.123762949984259,-0.0957961934245906,0.324728069937211,"Patel (2014)"
216,0.239008878251968,-0.217704792569584,0.60002338960577,"Patel (2014)"
217,0.365691349452037,-0.102286985291887,0.295339196675519,"Patel (2014)"
218,0.218967283629583,-0.0801830838973084,0.875880398030966,"Patel (2014)"
219,0.166891724616509,-0.0851304241821914,0.530218259549886,"Patel (2014)"
220,0.363666669731287,-0.192503961500092,0.821999499596652,"Patel (2014)"
221,0.0436299635949129,-0.174373229562031,0.515670893563937,"Patel (2014)"
222,0.198927064301143,0.159837245431922,0.33070240999184,"Patel (2014)"
223,-0.0685719106278433,-0.11666878484088,0.171652810035563,"Patel (2014)"
224,-0.00747068460709377,-0.173984064828035,0.387383471677111,"Patel (2014)"
225,0.215083990249971,0.133284381930794,1.08205823241043,"Patel (2014)"
226,0.304487797487259,-0.0529086296701065,1.25790174699663,"Patel (2014)"
227,0.252132224063656,0.0617674171306368,0.8892756722927,"Patel (2014)"
228,0.502195296897374,0.702220906791828,1.17185380839083,"Patel (2014)"
229,0.514820479871992,0.153239287747732,1.62405135295407,"Patel (2014)"
230,0.185723782439083,0.0510258968103875,-0.302181906992551,"Patel (2014)"
231,-0.00768287503430437,0.0600844366569907,0.424365232079784,"Patel (2014)"
232,0.131691295790896,-0.00088083250917298,0.125380265331621,"Patel (2014)"
233,0.141182695058354,0.0524214902641659,0.774053324276075,"Patel (2014)"
234,0.041165732099312,-0.118771776934893,-0.28550706706799,"Patel (2014)"
235,0.72638176259159,0.0764208486181073,1.60649534715986,"Patel (2014)"
236,0.0835591125380764,-0.265339314255367,0.559495995154934,"Patel (2014)"
237,0.0167601450726815,0.231478154422837,0.0307730544518194,"Patel (2014)"
238,0.0299356818888332,-0.189235476374437,0.142592367775919,"Patel (2014)"
239,0.114907432273701,-0.272272619960354,0.826033371492693,"Patel (2014)"
240,0.227232376717332,-0.0115447689455618,0.951205923782636,"Patel (2014)"
241,1.23010770606811,0.612987004980184,1.06092709950807,"Patel (2014)"
242,0.391381502338972,-0.054790664480667,0.699131923380013,"Patel (2014)"
243,0.350889044149108,-0.036699841795803,0.561973322625208,"Patel (2014)"
244,0.207268687822314,0.229395923445956,0.453984473346132,"Patel (2014)"
245,0.374309497563778,-0.211878208350379,0.982049413014167,"Patel (2014)"
246,0.919273755856401,0.415607009354827,1.63552938670505,"Patel (2014)"
247,0.202907627619975,-0.247539088740167,0.215782691993516,"Patel (2014)"
248,0.309564370702533,0.113651508599052,0.898528726274174,"Patel (2014)"
249,0.0463378314320984,0.078212720537997,-0.0975571818249203,"Patel (2014)"
250,0.195167174018681,0.0452810364027441,0.0481213752817381,"Patel (2014)"
251,0.552812619681062,-0.235794862527946,0.782293888272343,"Patel (2014)"
252,0.255278178508309,-0.090414049577568,0.321509603936484,"Patel (2014)"
253,0.252859438885025,0.0330787206874019,0.649221678366635,"Patel (2014)"
254,0.060419903915918,-0.0965123422857006,0.115772711209291,"Patel (2014)"
255,0.243436373626131,-0.0827727805503098,0.609461891278512,"Patel (2014)"
256,0.274173863745454,-0.17470319658957,0.98064523211242,"Patel (2014)"
257,0.550996608070584,0.748611866289092,1.11194468848213,"Patel (2014)"
258,0.0464443482479042,-0.19560668137507,0.313536442846528,"Patel (2014)"
259,0.302833653421157,-0.0993165268548399,0.984192399376946,"Patel (2014)"
260,0.0433722137839911,0.193885583259711,0.18649287539477,"Patel (2014)"
261,0.0961331308584717,-0.234448305589795,0.339264823549356,"Patel (2014)"
262,0.178941161362653,-0.21076580792962,0.206421492880693,"Patel (2014)"
263,0.235477966307218,-0.0097943183528712,0.716487437728138,"Patel (2014)"
264,0.397739341954939,-0.00219079179339515,0.466249808271566,"Patel (2014)"
265,-0.0225003223920591,0.00444342452664576,0.180039062146217,"Patel (2014)"
266,-0.0550360283114018,0.0504953021908395,0.0348502358697997,"Patel (2014)"
267,0.197435082453586,-0.035812628841714,0.334086277585237,"Patel (2014)"
268,0.0355176871914704,-0.205360368695467,0.633875481745428,"Patel (2014)"
269,0.574155847845361,-0.190719598710278,1.14226258589159,"Patel (2014)"
270,0.216125483171853,-0.174731222344646,0.460118531440567,"Patel (2014)"
271,0.105677065860468,0.047658005438003,0.202571646906353,"Patel (2014)"
272,0.389500848126653,-0.114299490540608,0.406264647677953,"Patel (2014)"
273,0.302880336495468,-0.0972545380599562,0.598785009330886,"Patel (2014)"
274,0.164865769901274,-0.119815825919965,-0.324709029382282,"Patel (2014)"
275,0.30391908120175,0.330669384395669,0.625209863425688,"Patel (2014)"
276,0.00331158244094409,0.00804974064088593,0.583357940407832,"Patel (2014)"
277,-0.0125349312838592,-0.0853859922807453,0.577165472718958,"Patel (2014)"
278,0.28971368169997,0.0640470920539837,0.686100113694171,"Patel (2014)"
279,0.153792537384107,0.0376079794510004,0.75676853988251,"Patel (2014)"
280,-0.0321948437709081,-0.230945178572203,0.00221791309066899,"Patel (2014)"
281,0.154442708484055,0.117224506157569,0.184230785278314,"Patel (2014)"
282,0.0141185044226236,0.55992320789229,0.0266497232568004,"Patel (2014)"
283,0.198989214881825,0.12598492461191,0.233956535662781,"Patel (2014)"
284,0.451314162015818,-0.140138872229321,0.196644389142076,"Patel (2014)"
285,0.414622115519559,-0.0136172546373239,0.526315540881316,"Patel (2014)"
286,0.284605101879743,-0.170226193469854,0.583340154576439,"Patel (2014)"
287,0.276310584151923,0.617864990956092,0.437351737943121,"Patel (2014)"
288,0.415637843985934,-0.049018057887134,0.924214896671532,"Patel (2014)"
289,0.0707138188075701,-0.0241093118611329,0.0123728159619684,"Patel (2014)"
290,0.402527030327057,0.279419109845258,0.644254270871908,"Patel (2014)"
291,0.0478439269300831,0.190744753481323,0.125969196682043,"Patel (2014)"
292,-0.0415484740024533,0.154586933306717,0.338623823698723,"Patel (2014)"
293,-0.101840399692646,-0.0263490279493256,0.0277743470305994,"Patel (2014)"
294,0.301873173878691,0.274507919812705,0.982912037137193,"Patel (2014)"
295,0.0306773505741401,0.0679536976184729,0.0317477406157689,"Patel (2014)"
296,0.414848107015598,0.114398866745776,0.982564199181453,"Patel (2014)"
297,0.0120304265942461,-0.176195865095537,-0.211676973725096,"Patel (2014)"
298,0.455542932396124,0.325713617151492,1.04096376205084,"Patel (2014)"
299,0.00903874404883886,0.235810511709492,0.0841893330989115,"Patel (2014)"
300,0.380838719094458,0.127466196837589,1.06289993162935,"Patel (2014)"
301,0.13253358178554,-0.00302607948875358,0.611641180599382,"Patel (2014)"
302,0.240384168390026,-0.0602398251933288,0.830090099311529,"Patel (2014)"
303,0.204785080652325,-0.0489397168562659,0.648754662748982,"Patel (2014)"
304,0.0535124975735158,-0.262784683146179,-0.0209221283025026,"Patel (2014)"
305,0.702625226050333,0.279457372282545,1.71488590052067,"Patel (2014)"
306,0.506648696043459,0.042576778436229,0.91977097880618,"Patel (2014)"
307,0.264985136648846,0.0176934769263666,0.269119880271592,"Patel (2014)"
308,0.184189000815028,-0.0220849042861951,0.239654411118536,"Patel (2014)"
309,0.500154930013496,0.179778644255749,1.39324814411927,"Patel (2014)"
310,0.300708258270404,0.110781794531523,0.723094837717973,"Patel (2014)"
311,0.446018321589585,0.0346421146957464,1.29055047949416,"Patel (2014)"
312,0.675932727149658,-0.052460179710272,1.48101324920688,"Patel (2014)"
313,0.198722442173376,-0.216394941186616,0.271974696372156,"Patel (2014)"
314,0.177871748811419,-0.083686192533624,0.761006786704785,"Patel (2014)"
315,-0.264954364612064,-0.226719076872163,0.0481546446231661,"Patel (2014)"
316,-0.0184254486865542,-0.0350549820129886,0.501953962791738,"Patel (2014)"
317,0.329121954366526,0.539679432325696,0.688411968315618,"Patel (2014)"
318,0.0611009944991731,0.139542948705767,0.548745064179599,"Patel (2014)"
319,0.00864063977204965,-0.0613459252640898,-0.0532579688169837,"Patel (2014)"
320,0.118672352090671,-0.130120247545213,0.577319817605664,"Patel (2014)"
321,0.513020474507328,0.110928154373979,1.12762685786945,"Patel (2014)"
322,0.625429678174888,0.620739822535935,1.81285685128522,"Patel (2014)"
323,0.138365272187914,0.283794007043234,0.416526167808348,"Patel (2014)"
324,0.0199007693067691,0.141206000727841,0.293474092441781,"Patel (2014)"
325,0.0116481254985681,-0.0511537660157731,0.149119579979117,"Patel (2014)"
326,0.293977690545252,0.24570339419954,0.852441554986226,"Patel (2014)"
327,0.460686563718853,-0.15262365699234,1.19070028765287,"Patel (2014)"
328,0.352585789787222,0.0975236951697318,0.119942005774649,"Patel (2014)"
329,0.162040500361529,-0.0702827341833371,0.340030199832129,"Patel (2014)"
330,0.0570722496552067,0.152471734040179,0.456524240246514,"Patel (2014)"
331,0.237212350307991,-0.155885094557856,0.3903375482271,"Patel (2014)"
332,0.717598374384272,0.472143199426059,1.47128045414867,"Patel (2014)"
333,0.157468895972956,-0.199759225825715,0.386724922481616,"Patel (2014)"
334,0.496914017174283,0.49050233268712,1.01467054253656,"Patel (2014)"
335,0.260990829611476,-0.0226719223288857,0.867669059300783,"Patel (2014)"
336,0.296541458995049,0.358499458161603,0.487107829158258,"Patel (2014)"
337,0.409876476284584,-0.0374573354978183,1.42718399842102,"Patel (2014)"
338,0.523621875793872,-0.0629406139801799,0.8887323145019,"Patel (2014)"
339,0.290397415557277,0.00975550257588137,0.986767068963024,"Patel (2014)"
340,0.224992907608851,-0.13842459228,0.816848582798559,"Patel (2014)"
341,0.336026237511967,0.431106601188304,0.722707864247297,"Patel (2014)"
342,0.0291535586492244,-0.234022389384546,0.676671803445762,"Patel (2014)"
343,0.11807619200482,0.0516809493949157,0.0669172308589443,"Patel (2014)"
344,0.341609465833991,0.173335159339845,0.462190853006219,"Patel (2014)"
345,0.0268255508160242,-0.0245951836840773,0.284942319994218,"Patel (2014)"
346,0.290498482240256,-0.0622643946100359,0.311444633810784,"Patel (2014)"
347,0.358718473045797,0.198012183805206,0.857507577948958,"Patel (2014)"
348,-0.308121163654293,0.317176079755976,0.0931230601907451,"Patel (2014)"
349,0.360926281363341,-0.140566873619535,0.689987262680949,"Patel (2014)"
350,0.228391831890374,0.10738752444014,0.663293736205113,"Patel (2014)"
351,-0.0581680793907058,0.246657370555599,0.0861031024367213,"Patel (2014)"
352,0.22261302442155,0.248049296996912,0.560438912689372,"Patel (2014)"
353,0.391362178293714,0.00492451311360875,1.21802407088293,"Patel (2014)"
354,0.366481677549991,-0.020906307975594,0.682171995356039,"Patel (2014)"
355,0.156343688493674,0.0462402924339317,0.138377170968168,"Patel (2014)"
356,-0.00207212880653576,0.221855840803066,0.227743279306674,"Patel (2014)"
357,0.397505897424914,-0.0819823313141598,0.976513529954854,"Patel (2014)"
358,-0.0814448259489154,-0.158520219096002,0.448544696440584,"Patel (2014)"
359,0.360503003541574,-0.0252330639756176,1.32589107209091,"Patel (2014)"
360,-0.0374875903520642,-0.103726635044467,-0.0622573429814873,"Patel (2014)"
361,0.0770664634652917,-0.00853883034576144,-0.0419755090758919,"Patel (2014)"
362,0.391666276840148,-0.0375176595981271,1.14421646561424,"Patel (2014)"
363,0.0510142280591531,0.247627776978724,0.564307832307274,"Patel (2014)"
364,-0.272100722897276,-0.113937656346239,-0.455203906654662,"Patel (2014)"
365,0.399717010963317,0.0743796959948764,1.02905394427815,"Patel (2014)"
366,0.424753433508224,0.271676868075923,0.823098396556265,"Patel (2014)"
367,0.00880876855559082,-0.2628445175484,0.410204502589305,"Patel (2014)"
368,0.373458234030713,0.0069281571052569,0.530510118881342,"Patel (2014)"
369,-0.120175937755269,-0.0472735944531347,-0.137206930374808,"Patel (2014)"
370,0.200086967348852,0.0916985866838921,0.872787154963661,"Patel (2014)"
371,0.0298974981528891,-0.037821870117251,-0.121088840881442,"Patel (2014)"
372,0.122899528355199,0.0763284755333539,0.187837046278791,"Patel (2014)"
373,0.354927866696773,0.0663835874437278,0.397182782245479,"Patel (2014)"
374,0.199867827378313,0.275196483043907,0.704909722890835,"Patel (2014)"
375,0.421747882167675,0.0572129512849828,1.03049626542212,"Patel (2014)"
376,0.614042797312125,0.402569476776122,1.71535818061736,"Patel (2014)"
377,-0.0946356083417315,0.0843388894804077,0.475378102871666,"Patel (2014)"
378,0.20268840076069,0.0467326480183697,0.336670325844849,"Patel (2014)"
379,0.140906998149765,0.0211612745161921,0.565078900317718,"Patel (2014)"
380,0.199114291817578,-0.146156190550899,0.30064620712644,"Patel (2014)"
381,0.174064080982387,0.194097352351639,0.605660412871887,"Patel (2014)"
382,0.0133995817882545,0.0158085870816565,0.392811765196385,"Patel (2014)"
383,0.0428292927201831,-0.100395001171388,0.22306748266106,"Patel (2014)"
384,-0.126904343040992,-0.0242258192939422,-0.116152420415171,"Patel (2014)"
385,0.0533154404654176,-0.0960471042880384,0.653541835314431,"Patel (2014)"
386,-0.242077991652682,0.0207958460635883,-0.220338396310072,"Patel (2014)"
387,0.172147718782287,-0.211399858797543,-0.462914362226915,"Patel (2014)"
388,-0.225686933511084,-0.105715796750619,-0.298912798542066,"Patel (2014)"
389,0.3126312724968,-0.168035913682535,0.536743068231949,"Patel (2014)"
390,0.466401554459756,0.123144081028806,0.737379231989941,"Patel (2014)"
391,0.430478201027252,0.0959655144088633,0.531663467850058,"Patel (2014)"
392,0.236771137101836,-0.107105352512732,0.690575772947475,"Patel (2014)"
393,-0.0651378268713553,-0.0838108012868904,-0.246287344150271,"Patel (2014)"
394,0.090568254234099,-0.278653143341731,0.801633789670517,"Patel (2014)"
395,-0.0288438394910283,-0.271566819120627,-0.409913320448343,"Patel (2014)"
396,0.0166916813872915,-0.10565409510296,-0.141100550542655,"Patel (2014)"
397,0.317128332001527,-0.0105079924518401,0.335938487717036,"Patel (2014)"
398,0.230522103648132,-0.28334534798112,0.769915437524077,"Patel (2014)"
399,-0.185034770968044,-0.106605144407872,-0.053851999240504,"Patel (2014)"
400,-0.167693155277368,-0.132325884102087,0.245287401230071,"Patel (2014)"
401,0.342899144979685,-0.156223394839673,0.521265956394769,"Patel (2014)"
402,-0.030207841159711,-0.161391454295755,-0.0266826300479883,"Patel (2014)"
403,0.0633359131615761,-0.204963749762019,0.624740053132454,"Patel (2014)"
404,0.118564099911661,0.015870481928531,0.239122433374437,"Patel (2014)"
405,0.327564096093981,0.143273049647122,0.980336515566108,"Patel (2014)"
406,0.254031907426306,-0.0860347107839185,0.932485958619697,"Patel (2014)"
407,-0.00532340193343583,-0.203922971513488,-0.451995995774458,"Patel (2014)"
408,-0.0808851117003395,-0.266466200460517,0.413314669196834,"Patel (2014)"
409,0.0228211994154301,0.891702578212239,0.586551616201032,"Patel (2014)"
410,-0.0802989452754806,-0.0480818111874034,-0.297217307193326,"Patel (2014)"
411,-0.0304176129739946,0.0426209813572273,-0.0529879565294124,"Patel (2014)"
412,0.0498205083580613,-0.154871700368368,0.123973376350895,"Patel (2014)"
413,0.0210512815826079,-0.0753920205429206,0.410975043824415,"Patel (2014)"
414,0.360522652072751,-0.153038968335836,1.29519413913541,"Patel (2014)"
415,0.611621527737767,-0.183717833940045,1.49940534006791,"Patel (2014)"
416,0.00580153591930743,-0.193977537710969,0.526820671374913,"Patel (2014)"
417,-0.0545768546144198,-0.2766707347012,0.434127667766996,"Patel (2014)"
418,0.387839611507674,-0.223267235394326,0.98559792331852,"Patel (2014)"
419,0.118707580167705,-0.0808584767648066,0.466141088538999,"Patel (2014)"
420,0.53161316995158,-0.208553719719644,1.20665592575449,"Patel (2014)"
421,0.406378171061047,-0.104641495053274,0.877115086920333,"Patel (2014)"
422,-0.121228793706742,0.0986028452489255,-0.460350207887164,"Patel (2014)"
423,0.39994363285146,0.0862037611390782,1.47411904212465,"Patel (2014)"
424,0.164175225015305,-0.211265123174583,0.651769827627195,"Patel (2014)"
425,0.344233923899722,-0.183308547881503,0.581538245932967,"Patel (2014)"
426,0.174898022790839,-0.234214848374661,0.869213741884649,"Patel (2014)"
427,0.397502870279431,0.0138929154371805,1.10941733924746,"Patel (2014)"
428,-0.0326675551409886,-0.106747812595508,0.13974183318162,"Patel (2014)"
429,0.196354748434503,-0.206097530299969,1.38283235572057,"Patel (2014)"
430,0.118865671810972,-0.153868329447294,0.282309056938379,"Patel (2014)"
431,0.222281031777443,-0.226812374194821,0.376603781994035,"Patel (2014)"
432,0.261483495257872,0.207095829039966,0.741907457137355,"Patel (2014)"
433,-0.0881054717570751,-0.108630995901859,-0.0166149343574796,"Patel (2014)"
434,0.377667827386122,-0.182414873737842,1.32923855756964,"Patel (2014)"
435,-0.0262148029303915,-0.0172452668663858,-0.0273367225118356,"Patel (2014)"
436,0.252354827863211,-0.311769460608752,0.0376113276217475,"Patel (2014)"
437,0.0484890435629367,-0.0768962812573865,-0.0815114150444973,"Patel (2014)"
438,0.516230474017304,-0.0894195717436702,1.40078128388287,"Patel (2014)"
439,0.112359104818294,-0.25055264600585,1.14000282673875,"Patel (2014)"
440,0.073253558427237,-0.0211134859086706,0.266974794212492,"Patel (2014)"
441,0.457996813238021,-0.101675550330696,1.67309731134737,"Patel (2014)"
442,0.268102208113267,-0.213281787577297,0.535293426425852,"Patel (2014)"
443,0.265369910036192,-0.12761568374507,0.492133920134624,"Patel (2014)"
444,-0.0774286327034305,-0.187876115236669,0.364301201558742,"Patel (2014)"
445,0.472388849238697,-0.285876080666474,1.21913418193554,"Patel (2014)"
446,0.0601994887650406,0.0728375527023458,1.06852787499037,"Patel (2014)"
447,-0.0484564948753632,-0.262501867601597,0.271024759950729,"Patel (2014)"
448,0.620911813016374,-0.0855636472447397,1.93974140408783,"Patel (2014)"
449,0.332304968880727,-0.233950484131329,0.927748356568525,"Patel (2014)"
450,0.059184701279955,-0.144966147472843,0.243981276799274,"Patel (2014)"
451,-0.0694381225154118,-0.24504329750955,0.0385186999881021,"Patel (2014)"
452,0.609859363466466,-0.0410462403208275,1.07683873757274,"Patel (2014)"
453,-0.077753481203319,-0.0301630644053646,0.207994345034471,"Patel (2014)"
454,0.33728536050628,-0.177428182196496,0.959780696595332,"Patel (2014)"
455,0.103738227886316,-0.204939302766734,1.16620382294462,"Patel (2014)"
456,0.327755093756365,-0.170882184516266,0.695327210970064,"Patel (2014)"
457,0.403451857744388,0.22252511276471,1.76259366544502,"Patel (2014)"
458,-0.217813981008238,-0.132743490428206,-0.0889023434291314,"Patel (2014)"
459,0.198572703460395,-0.277799731707834,0.417892296999518,"Patel (2014)"
460,0.230526198374687,0.166686344913568,0.243061098523662,"Patel (2014)"
461,0.0917876730805842,-0.165533615771111,0.474945568001151,"Patel (2014)"
462,0.659298696507347,-0.171172227686736,1.16083570916652,"Patel (2014)"
463,0.458859760654183,-0.108311486709257,-0.015744346943984,"Patel (2014)"
464,0.335678177363437,-0.146566940981594,0.679418691364738,"Patel (2014)"
465,0.14827415807178,-0.193610934754777,0.481217184352406,"Patel (2014)"
466,0.171661454522915,-0.100256533342748,0.775664471439096,"Patel (2014)"
467,-0.175336089096517,0.0683406094549039,0.549648441873179,"Patel (2014)"
468,-0.110319629462716,0.0924476838733758,0.868074404813499,"Patel (2014)"
469,0.0561981425985827,-0.208778405679336,0.713807316624606,"Patel (2014)"
470,0.19932411300706,-0.160398850406502,0.229090972525536,"Patel (2014)"
471,0.15908711503753,-0.221867539087297,0.566013012536886,"Patel (2014)"
472,0.433513040198009,-0.218032873774736,1.04792545356211,"Patel (2014)"
473,0.657822996872913,-0.16576630906058,1.30462569084423,"Patel (2014)"
474,0.000926060931854544,-0.306931084429576,0.200017457031163,"Patel (2014)"
475,-0.183413803339517,-0.256309429487684,-0.147961018947194,"Patel (2014)"
476,0.0174866082003816,-0.279541024429828,-0.0883752585960584,"Patel (2014)"
477,0.211698188929641,-0.0867457133760401,0.702182176803695,"Patel (2014)"
478,0.109062817772232,0.0539913106372981,0.786340169097075,"Patel (2014)"
479,0.118380646631969,0.000983743105468449,0.908948073564626,"Patel (2014)"
480,-0.138529278014736,-0.0957017240739112,-0.0213399584874133,"Patel (2014)"
481,0.0221031439714008,-0.134979060017255,0.291699073284579,"Patel (2014)"
482,0.53897354832017,0.468753982487823,0.959851217122306,"Patel (2014)"
483,-0.232577141779386,-0.00318449365012963,-0.139629770321388,"Patel (2014)"
484,0.307804874214139,-0.0525944327139913,0.4927984152345,"Patel (2014)"
485,0.259590093752003,-0.0737125541812814,0.650826308996084,"Patel (2014)"
486,0.285204324866465,0.0388257194512107,-0.0726512459850459,"Patel (2014)"
487,0.285893462967092,0.0223796166370447,0.485543005016775,"Patel (2014)"
488,-0.0960500243007727,-0.126483729294125,0.00271352255254137,"Patel (2014)"
489,-0.013784944920336,-0.124407199771856,0.0541856406517962,"Patel (2014)"
490,-0.00454999993411542,0.0304068957055689,0.343723508742488,"Patel (2014)"
491,-0.133470398295186,-0.130098989542458,-0.0989605340748977,"Patel (2014)"
492,-0.083287165974732,0.0676584287278349,-0.122401118001796,"Patel (2014)"
493,-0.268711462316922,-0.119357162960433,-0.0238336692461486,"Patel (2014)"
494,-0.189443790012089,0.345453810526251,0.614859384631218,"Patel (2014)"
495,-0.0250542216262882,-0.12919700585467,0.113069664436369,"Patel (2014)"
496,0.0414247903215339,0.0560771787249026,0.150040715836034,"Patel (2014)"
497,-0.0432347068171035,-0.0882269072687306,-0.0774387068779885,"Patel (2014)"
498,-0.0771263160050386,0.054810673789233,0.249531520202257,"Patel (2014)"
499,0.347076660534466,-0.00607569597647711,0.284704246792911,"Patel (2014)"
500,0.564688539692001,0.12421814373747,0.946097488421282,"Patel (2014)"
501,-0.16873907830472,-0.0341872735548545,-0.242878632954039,"Patel (2014)"
502,-0.136741527098016,-0.000386742202060031,0.0464831843319242,"Patel (2014)"
503,-0.175254359855037,-0.100672297036539,-0.224970479230154,"Patel (2014)"
504,-0.174896543344127,-0.067974009439862,-0.0536288279531491,"Patel (2014)"
505,0.647294529043441,0.0683444754633907,0.915516814596422,"Patel (2014)"
506,0.205348781604194,-0.101544355266998,0.0825485412347465,"Patel (2014)"
507,0.381276361934937,-0.126495104194859,0.228266963986962,"Patel (2014)"
508,0.17556330501336,-0.0225489269404089,-0.121975779618938,"Patel (2014)"
509,0.387107645165953,0.271711289061645,0.505817299072509,"Patel (2014)"
510,-0.0470184636628301,-0.0564228265389485,-0.132744382678244,"Patel (2014)"
511,1.08985104007874,-0.0459885740078855,1.97334231987042,"Patel (2014)"
512,0.0332315085342837,-0.0549174636518224,-0.0615441399649713,"Patel (2014)"
513,0.0429520090447227,0.391612952327405,0.050015109626558,"Patel (2014)"
514,0.676988383615367,0.057621006066634,1.20672520650271,"Patel (2014)"
515,-0.0364903335052974,-0.176974249619688,0.0431096592431297,"Patel (2014)"
516,0.00577832372280118,-0.158638385841712,0.146389122591681,"Patel (2014)"
517,0.281465633633282,0.231233469538291,0.187130066816769,"Patel (2014)"
518,0.220443519941787,0.667838925505595,0.428802112794058,"Patel (2014)"
519,-0.0651467021348582,-0.325633812811677,0.0508465765194037,"Patel (2014)"
520,0.153653557053526,-0.0494333530710293,0.286327296669583,"Patel (2014)"
521,-0.122839419374761,0.00700151202599983,-0.1465637526129,"Patel (2014)"
522,-0.234258939815366,-0.0452439065294579,-0.37444773070799,"Patel (2014)"
523,-0.18040582901446,-0.0893323578645725,0.140191799638611,"Patel (2014)"
524,-0.065802461398507,-0.0198635260989052,-0.142161019355872,"Patel (2014)"
525,0.248048608172837,0.0230963576816147,0.131920794776311,"Patel (2014)"
526,0.266868634102054,-0.0626314894716801,0.74678863939961,"Patel (2014)"
527,0.810626153920046,0.0783439482230755,1.38431607229683,"Patel (2014)"
528,0.208904458476028,0.0495046240339125,0.644817877256505,"Patel (2014)"
529,-0.0687996561297863,-0.113971631227367,0.0276711460760861,"Patel (2014)"
530,0.197131401072496,0.0882338912196796,0.500564838303453,"Patel (2014)"
531,0.0179347794045426,0.0746264384909141,0.224525769857957,"Patel (2014)"
532,0.179328574107082,-0.079153785426417,0.152414375606195,"Patel (2014)"
533,-0.104183859563521,0.114883681933598,-0.0761522609226614,"Patel (2014)"
534,-0.0130252014428542,-0.036949063600853,-0.069916049863979,"Patel (2014)"
535,1.18356352604656,0.385645239268694,1.50612046172247,"Patel (2014)"
536,0.23021900798894,0.365993360416211,0.619625241179842,"Patel (2014)"
537,-0.0913517012107999,-0.0842522637750349,0.909669614667307,"Patel (2014)"
538,0.420232733853456,0.0712636715297288,0.785023552064378,"Patel (2014)"
539,-0.0412437097242805,-0.165971918220727,-0.0475864247577494,"Patel (2014)"
540,-0.195776825128896,-0.125273678458549,-0.188189309733179,"Patel (2014)"
541,0.0465941968266447,-0.111027443788887,0.288960983066715,"Patel (2014)"
542,0.0947429647320742,-0.230061290708804,-0.208331919668743,"Patel (2014)"
543,-0.082964245873259,0.165376213648588,0.28664507085744,"Patel (2014)"
544,0.433008506828026,-0.130195774676799,1.08453954880397,"Patel (2014)"
545,0.325059246840772,0.0307968599695426,0.319719242723317,"Patel (2014)"
546,0.760731193831389,-0.0150082919111035,1.03774273661237,"Patel (2014)"
547,0.0166195843722698,0.0440496415643616,0.0167408443577552,"Patel (2014)"
548,0.848476040060288,-0.100050743618723,1.49245616243876,"Patel (2014)"
549,0.0184419449831372,-0.0811928521140974,0.127868382654151,"Patel (2014)"
550,-0.182395896086236,0.0114428340843835,-0.0236319103036332,"Patel (2014)"
551,1.07130865063835,-0.10552350835227,1.6206161703279,"Patel (2014)"
552,0.840930984166892,0.0485332059712357,1.59623049726217,"Patel (2014)"
553,0.125773542303383,0.24491627400969,0.3600738919335,"Patel (2014)"
554,0.398756947606,0.205619643418113,0.222328352626991,"Patel (2014)"
555,-0.0645195619511094,-0.21887886975282,0.302403761314838,"Patel (2014)"
556,-0.146776965914555,-0.161774100042706,0.290533728222439,"Patel (2014)"
557,-0.155165022380041,0.557612528644177,0.749140908464973,"Patel (2014)"
558,0.99975990243994,0.696459513486548,1.11843525278977,"Patel (2014)"
559,0.497661411587676,0.821773377555725,0.505721061040557,"Patel (2014)"
560,1.02337311881705,0.416968451322196,1.415452593599,"Patel (2014)"
561,0.386487194482193,0.287397099130366,0.0396812419250629,"Patel (2014)"
562,0.0608168053330298,-0.0837267310104358,0.0897752906135625,"Patel (2014)"
563,0.19615507455196,-0.00963538714694462,0.230848851387128,"Patel (2014)"
564,-0.157241504491425,0.0730549070553115,-0.12753208079086,"Patel (2014)"
565,0.00943079394979118,-0.0428322024779742,0.02717959003561,"Patel (2014)"
566,-0.0931087103251712,-0.054383636326266,-0.106151231777516,"Patel (2014)"
567,0.283167392745962,-0.193649675029267,0.368142565373609,"Patel (2014)"
568,-0.202737074857452,-0.129138143797854,-0.217533643603612,"Patel (2014)"
569,0.301266281368697,0.28846600307895,0.765874204576249,"Patel (2014)"
570,0.181736217275366,-0.132884474484405,0.30103019622732,"Patel (2014)"
571,0.260160225693778,0.356762479976462,0.211531357438424,"Patel (2014)"
572,1.00295555475965,-0.0571092498274128,1.4449349994216,"Patel (2014)"
573,0.341038036981588,0.665014180381582,1.43059531870453,"Patel (2014)"
574,0.0161341967285303,-0.0376333994863992,-0.243966740380435,"Patel (2014)"
575,0.995830763624004,0.365451224070831,1.27623786213995,"Patel (2014)"
576,-0.147396535293745,-0.0165996270835463,-0.0863805224869333,"Patel (2014)"
577,0.0142673327287502,-0.0469856989875357,0.798543322215938,"Patel (2014)"
578,0.0468834171238466,0.118598961736889,0.722241672381094,"Patel (2014)"
579,0.151146908708935,-0.201682936640609,0.107817266948757,"Patel (2014)"
580,-0.173217139705712,-0.108017055793683,-0.233372642432923,"Patel (2014)"
581,0.385752775156618,-0.0974278074629034,0.670810458777774,"Patel (2014)"
582,0.494511791939646,0.148130275389837,0.848350601670705,"Patel (2014)"
583,0.521331722737732,0.1169277947306,0.660608849433597,"Patel (2014)"
584,0.24345089944527,-0.04373163675033,0.833085601303564,"Patel (2014)"
585,0.103117051163351,0.242534660815112,0.690421323108098,"Patel (2014)"
586,0.109747842292231,-0.270251536737052,0.898991137975515,"Patel (2014)"
587,0.0389185207325377,-0.220655277544597,-0.307366221799378,"Patel (2014)"
588,0.0149434298831748,-0.0671578228198761,0.0767404680777191,"Patel (2014)"
589,0.420011675591569,0.0568563598974542,0.507571576073005,"Patel (2014)"
590,0.231185463791208,-0.276317333444586,0.828483369081044,"Patel (2014)"
591,0.267932875967414,-0.174400654562626,0.116584631399972,"Patel (2014)"
592,-0.151408559520014,-0.116756963642348,0.355065315330592,"Patel (2014)"
593,0.359655715816635,-0.107141724840991,0.548729339560843,"Patel (2014)"
594,0.0558493639773853,-0.101375011311175,0.0873013087273254,"Patel (2014)"
595,0.099398142462104,-0.16850728536487,0.66271696049594,"Patel (2014)"
596,0.106976761178443,0.0624025291161412,0.351427639152436,"Patel (2014)"
597,0.374002700224951,0.171896786026844,1.09126461303436,"Patel (2014)"
598,0.270348910651401,-0.0931403412081551,0.933898075753777,"Patel (2014)"
599,-0.0379786190395772,-0.167127692773395,-0.442388778892517,"Patel (2014)"
600,-0.106378381068593,-0.233393604528119,0.439492526052374,"Patel (2014)"
601,0.0858919031076175,0.999414721760926,0.616552169745896,"Patel (2014)"
602,0.143830628958447,-0.0870641823881326,0.254622729569649,"Patel (2014)"
603,-0.0273430336691662,0.266478115453308,0.652978082250352,"Patel (2014)"
604,0.0406139548157599,-0.12789198316914,0.162268963444929,"Patel (2014)"
605,0.0117055772596271,-0.0819640769229467,0.471512006394234,"Patel (2014)"
606,0.380703411013054,-0.118564380548555,1.45160991891047,"Patel (2014)"
607,0.668187206892226,-0.133690107086664,1.684838034915,"Patel (2014)"
608,0.0073793513447411,-0.110738109118379,0.621031809822777,"Patel (2014)"
609,-0.0326138319837792,-0.244351116240054,0.546304935666295,"Patel (2014)"
610,0.417889208567278,-0.235031779151661,1.14789117152155,"Patel (2014)"
611,0.141389516872422,-0.0531798949785714,0.525886991231754,"Patel (2014)"
612,0.553010147313633,-0.186683091712297,1.32735728982329,"Patel (2014)"
613,0.412167760751504,-0.0902191686876713,0.99152650186953,"Patel (2014)"
614,-0.0469908540139802,0.142853163768891,-0.368128361265868,"Patel (2014)"
615,0.434977251967912,0.141469080469189,1.61279513402094,"Patel (2014)"
616,0.168699072983215,-0.177618311804316,0.761405467453927,"Patel (2014)"
617,0.386041197126691,-0.200469324306645,0.663682544155016,"Patel (2014)"
618,0.190279622265152,-0.220513752830078,0.964881255138646,"Patel (2014)"
619,0.424996063469454,0.089402360933494,1.18105567078884,"Patel (2014)"
620,-0.0103370067167128,-0.0383615699452868,0.250627961066275,"Patel (2014)"
621,0.2123087234279,-0.213389079548076,1.45216924054596,"Patel (2014)"
622,0.10146798807789,-0.105979598259408,0.417906993226455,"Patel (2014)"
623,0.254417359564869,-0.201540348613777,0.403998122643594,"Patel (2014)"
624,0.282071686377282,0.271818133320177,0.834617506082329,"Patel (2014)"
625,-0.089842836099662,-0.0983402779155945,0.0155591057535653,"Patel (2014)"
626,0.516937453741286,-0.114634144343394,1.45986097507089,"Patel (2014)"
627,0.270486982645147,-0.0609317238513019,0.423235363006214,"Patel (2014)"
628,0.316590071870028,-0.297155269799648,0.0725711918952648,"Patel (2014)"
629,-0.0102912606194598,0.0368142226465002,-0.0128532710667353,"Patel (2014)"
630,0.543937334339394,-0.0860224821642296,1.49345929357148,"Patel (2014)"
631,0.156846424180696,-0.256978275161776,1.3083702887405,"Patel (2014)"
632,0.0985911600855584,0.0154688612680771,0.404896059804041,"Patel (2014)"
633,0.449643633469871,-0.0990682795865337,1.76535514616575,"Patel (2014)"
634,0.321195727864821,-0.130870710841464,0.670445611759747,"Patel (2014)"
635,0.258526602923303,-0.113286628289641,0.518859843231665,"Patel (2014)"
636,-0.0513773355578299,-0.0944820288884459,0.50903292805514,"Patel (2014)"
637,0.471774821343618,-0.283215380393765,1.29631291143028,"Patel (2014)"
638,0.0763204839115952,0.115219476034988,1.2087407728251,"Patel (2014)"
639,0.0228135418523776,-0.159914668477803,0.889083017802478,"Patel (2014)"
640,0.633951654042498,-0.0830753174327045,2.03316551868302,"Patel (2014)"
641,0.354023160288824,-0.221460100887642,1.02209109350719,"Patel (2014)"
642,0.0695377920754958,-0.133306409573743,0.306666938517143,"Patel (2014)"
643,-0.0201477764356188,-0.165806850356683,0.122915004796922,"Patel (2014)"
644,0.616335055623527,0.015932365015437,1.20755773225619,"Patel (2014)"
645,-0.0487828587700582,0.0045257567624174,0.270687667536851,"Patel (2014)"
646,0.350839505991403,-0.110970976240404,1.07067772530294,"Patel (2014)"
647,0.125178629444448,-0.138767883219492,1.2778935539989,"Patel (2014)"
648,0.33996058063706,-0.144106888218331,0.792171522993816,"Patel (2014)"
649,0.400228332345057,0.260095400851869,1.80108433078766,"Patel (2014)"
650,-0.0821562945953086,-0.110197411500643,-0.127716917706252,"Patel (2014)"
651,0.205666175863673,-0.246772766134796,0.507176780934588,"Patel (2014)"
652,0.331975752183101,0.18110016405722,0.446040576598637,"Patel (2014)"
653,0.112515593091107,-0.161263385618509,0.54301170109599,"Patel (2014)"
654,0.722448529269114,-0.176165333264969,1.26933227006838,"Patel (2014)"
655,0.579577086880739,-0.0939978926120511,0.131014742473733,"Patel (2014)"
656,0.352297677114423,-0.143784147720929,0.780895992063108,"Patel (2014)"
657,0.212807614169926,-0.160802819866496,0.626705454785069,"Patel (2014)"
658,0.179556230383672,-0.0495104114077847,0.859183459712249,"Patel (2014)"
659,-0.223494313547039,0.104216268786016,0.635008144684175,"Patel (2014)"
660,0.0836763710581518,0.467183912260239,1.19007160145856,"Patel (2014)"
661,0.0635711849789879,-0.206271195285861,0.818365048569412,"Patel (2014)"
662,0.221151288193718,-0.166430727003323,0.321644771477481,"Patel (2014)"
663,0.167037430948187,-0.19682394567844,0.663491696610948,"Patel (2014)"
664,0.449033061419827,-0.196934394047921,1.12072473049991,"Patel (2014)"
665,0.687223400206347,-0.147375391606822,1.35329828714947,"Patel (2014)"
666,0.0375088962592678,-0.300948559340653,0.335313014190836,"Patel (2014)"
667,-0.180912782817807,-0.22589801549388,0.0108607171285126,"Patel (2014)"
668,0.0357886899941858,-0.26366482075299,0.0164202166369964,"Patel (2014)"
669,0.301106503712151,-0.0512747461459056,0.781961521286048,"Patel (2014)"
670,0.154549399246476,0.091856536531495,0.854968787265598,"Patel (2014)"
671,0.121037542971431,0.0073862344936062,0.998371067110059,"Patel (2014)"
672,0.0470344403701727,-0.180239294753453,0.063044498654743,"Patel (2014)"
673,0.0140097721647674,-0.0451192902490636,0.0891499809313495,"Patel (2014)"
674,-0.0152730658021455,-0.0558088193909355,-0.0737149655534661,"Patel (2014)"
675,0.359782798442842,0.101553646963496,1.03497243376985,"Patel (2014)"
676,0.275260426005109,-0.0767317315436118,0.867358278293728,"Patel (2014)"
677,0.0354882569059756,-0.00545976445058538,0.199142387986374,"Patel (2014)"
678,0.35591887090516,-0.0053910938249081,0.704910224722929,"Patel (2014)"
679,-0.00233734483325088,-0.0308840398648373,0.203459404515791,"Patel (2014)"
680,0.0490460961197278,0.0921891576077958,0.359834201768036,"Patel (2014)"
681,0.20481270836693,0.0127959029363007,0.626196558694255,"Patel (2014)"
682,0.140300115652496,0.70566217266289,0.505538127160763,"Patel (2014)"
683,0.263777691302358,-0.218660930177712,1.02929850652019,"Patel (2014)"
684,0.583248968494266,0.156118650891828,0.75014647325129,"Patel (2014)"
685,0.438692572103772,0.0334682709959075,0.713969834993677,"Patel (2014)"
686,0.0366351295697003,-0.0300031538867631,0.209195146086654,"Patel (2014)"
687,0.126298358645085,-0.111200073721346,0.345889431297866,"Patel (2014)"
688,0.553123601718712,-0.102216393787261,0.905318492570756,"Patel (2014)"
689,0.669604758071727,-0.0124741428013442,0.863678991487287,"Patel (2014)"
690,0.23893441685337,0.248088603537879,0.271376663272398,"Patel (2014)"
691,0.196714562789422,-0.0963623833826077,0.913646335766951,"Patel (2014)"
692,0.348813145492445,-0.0345178846998986,0.81087788687717,"Patel (2014)"
693,0.378187408844031,0.316845987381464,0.856740274826132,"Patel (2014)"
694,0.184063289049589,-0.0861337707301913,0.385205167121129,"Patel (2014)"
695,0.354156704684392,-0.0977300721058781,0.930876900883159,"Patel (2014)"
696,0.265706921196334,0.155732528176572,0.63057973563092,"Patel (2014)"
697,0.168185442339672,0.154736448586589,0.415268326209333,"Patel (2014)"
698,0.29897210155869,0.109074753601921,0.112766207879547,"Patel (2014)"
699,0.398573350596612,-0.0000791392223324361,0.725279287320785,"Patel (2014)"
700,0.403478792954063,-0.130776092229731,0.918460045408941,"Patel (2014)"
701,-0.0424584197703101,-0.0931151224604922,-0.108988799924762,"Patel (2014)"
702,0.515742293882676,-0.118215414224421,0.953404076388084,"Patel (2014)"
703,0.00651016311874036,-0.0782064458699159,-0.0771688109859752,"Patel (2014)"
704,0.327039991351418,0.0960261774665807,0.581637882784103,"Patel (2014)"
705,0.246542752835727,0.0127473095598007,0.492835832622897,"Patel (2014)"
706,0.172158895724849,0.0764610091464573,0.349232410494699,"Patel (2014)"
707,0.274381925914846,0.499505082416015,0.665176844939773,"Patel (2014)"
708,0.280962962586732,-0.0119011819240272,0.67419528167241,"Patel (2014)"
709,0.0506735845783464,-0.11796794942612,-0.115986289640138,"Patel (2014)"
710,0.429273772777585,0.986057154644888,0.905960741948303,"Patel (2014)"
711,0.556069811227314,0.215390428882799,0.836864481487265,"Patel (2014)"
712,0.202596122573287,0.096725384880913,0.46819418763069,"Patel (2014)"
713,0.360412865448322,-0.173196575658849,0.307244783011472,"Patel (2014)"
714,0.16443451566106,0.00700699599640375,0.375156583031972,"Patel (2014)"
715,0.321782613776536,-0.116903772707716,0.592421441120221,"Patel (2014)"
716,0.26404658221601,0.0320554310620955,0.626419178032156,"Patel (2014)"
717,0.192164354709604,0.193976633061031,0.254857041271024,"Patel (2014)"
718,0.185973543497944,-0.0607721298117672,0.791157785666231,"Patel (2014)"
719,-0.0122101791269372,-0.019835094921896,0.127338322009167,"Patel (2014)"
720,0.0678653028555205,0.413592556574791,-0.516191367102656,"Patel (2014)"
721,0.235424176694464,-0.224930501799724,0.60542241821999,"Patel (2014)"
722,0.764388186696104,0.17944955569979,1.23688060351341,"Patel (2014)"
723,0.119120913926815,0.117973425706638,0.611049679920861,"Patel (2014)"
724,0.477689616464559,0.0441731581101387,0.180914834715498,"Patel (2014)"
725,-0.230994680591559,0.211422192652091,0.184853521413549,"Patel (2014)"
726,0.423308171180687,-0.194402529923996,0.412711608115926,"Patel (2014)"
727,0.501233226281113,0.0525520687439152,0.586564872266735,"Patel (2014)"
728,0.242984131600742,-0.00949723357100518,0.367473329549113,"Patel (2014)"
729,-0.013927878753121,0.00143737968144059,0.0376068099894115,"Patel (2014)"
730,0.269854161898948,-0.0522992781774527,1.00787678021356,"Patel (2014)"
731,0.180502336303308,-0.110678564105116,0.455932662942844,"Patel (2014)"
732,0.153201449493519,-0.0534273512187187,0.151885151985102,"Patel (2014)"
733,0.455971644242626,0.521893961403093,0.968728386971792,"Patel (2014)"
734,0.679990305578956,-0.267523345442221,1.58017734312574,"Patel (2014)"
735,0.433828825954259,-0.0758846654884359,0.909736914162168,"Patel (2014)"
736,0.477417522559794,-0.0518842376332442,1.25540779455606,"Patel (2014)"
737,-0.0918201347587586,1.04900855579029,0.531402051864496,"Patel (2014)"
738,0.582362296534321,-0.0638078844390038,1.38777505204933,"Patel (2014)"
739,0.397401799468184,0.0371842127404245,0.669087884300111,"Patel (2014)"
740,0.546900489160469,-0.243543889211154,0.742840739381061,"Patel (2014)"
741,0.305726489679283,-0.0794070146111669,0.489108939171591,"Patel (2014)"
742,0.43288187352895,0.0764561637134903,0.847243061405179,"Patel (2014)"
743,0.00736610558063278,-0.0812410445780008,0.187914574481933,"Patel (2014)"
744,0.187738664629737,0.47778483442082,0.790222281155693,"Patel (2014)"
745,0.391865119037794,0.0409265608671705,0.644602914241263,"Patel (2014)"
746,0.314671382236195,-0.000913593654212119,0.036379113436279,"Patel (2014)"
747,-0.133009391134425,0.260406112076503,-0.224897422665343,"Patel (2014)"
748,0.57873819766025,-0.232821408024605,1.06387377261097,"Patel (2014)"
749,0.174880793716821,-0.0600199337351967,0.218540572915808,"Patel (2014)"
750,0.752212535391936,-0.13464711217704,1.24910855110302,"Patel (2014)"
751,0.194297087562559,0.442130337958996,0.607840421470021,"Patel (2014)"
752,0.0300367993569604,-0.121115621775011,0.161930892702031,"Patel (2014)"
753,0.0651275572912928,-0.0178991934779219,-0.106363385223982,"Patel (2014)"
754,0.137054922940436,-0.226219506307537,0.565870840705038,"Patel (2014)"
755,0.514719145393196,-0.0782045329708822,0.997903434649629,"Patel (2014)"
756,0.573716394412975,-0.109867303397285,0.938790438516675,"Patel (2014)"
757,0.287266011221094,-0.0151384844391376,0.459156437207954,"Patel (2014)"
758,0.0973472096008682,-0.0717927036056482,0.116482126027452,"Patel (2014)"
759,-0.0351419164546882,-0.22484332538821,0.179638688490293,"Patel (2014)"
760,-0.0427385455924342,-0.112433873138435,-0.00484189641900679,"Patel (2014)"
761,0.405167236316308,0.243078246147441,0.751874957355192,"Patel (2014)"
762,0.310247022552708,-0.148935725814642,0.523300140710531,"Patel (2014)"
763,0.540849489797586,-0.0679935484829635,0.489076738278834,"Patel (2014)"
764,-0.122515403001798,0.175279135709311,0.221646610621367,"Patel (2014)"
765,-0.074236589749606,-0.0439575864973488,0.124350414518901,"Patel (2014)"
766,-0.0731618133023948,-0.0792906192498847,0.0281473884875786,"Patel (2014)"
767,0.352926230974982,0.0289560316720751,0.836635942301778,"Patel (2014)"
768,-0.0112893849971347,-0.0363236700715212,0.228505095052012,"Patel (2014)"
769,-0.218339383509755,0.12706543113972,-0.00087687416138027,"Patel (2014)"
770,-0.144029946279908,0.328873042993812,0.281643870189011,"Patel (2014)"
771,-0.146075690547591,-0.189924176268665,-0.215642297873221,"Patel (2014)"
772,-0.0153623887762626,0.076345082414614,0.172439861576785,"Patel (2014)"
773,0.187704307756787,0.105770128235756,0.725445213609101,"Patel (2014)"
774,-0.0176310387954264,0.0968230351495746,0.391987528357905,"Patel (2014)"
775,0.113818894934228,0.0435159777959478,0.616962499065942,"Patel (2014)"
776,0.296002762755867,0.139292548182476,0.764660494225326,"Patel (2014)"
777,-0.117361396338418,0.607493893503595,0.377458575561973,"Patel (2014)"
778,0.211327148629544,0.204453948014217,0.223804702582019,"Patel (2014)"
779,0.344213674327758,-0.0288829646737122,0.827564911849941,"Patel (2014)"
780,-0.0740115190213984,0.200694596556257,-0.0649904305702625,"Patel (2014)"
781,0.177031743701893,0.00437570689696065,-0.00841654352818022,"Patel (2014)"
782,0.381043991034416,0.440260516821523,0.603739360017719,"Patel (2014)"
783,-0.0694708511292625,-0.116688742572552,-0.0205995689093089,"Patel (2014)"
784,0.178712137244857,0.191343577857051,0.587552442079465,"Patel (2014)"
785,0.0100301617796084,-0.149848215017974,0.238870905115928,"Patel (2014)"
786,0.229595281098142,0.182868372853966,0.47103867025651,"Patel (2014)"
787,0.0110218175737674,-0.061138263911297,-0.000805042589029747,"Patel (2014)"
788,0.159930918859613,0.298281317089647,0.255136248380134,"Patel (2014)"
789,0.372849425975675,0.318197222935324,0.570348398447036,"Patel (2014)"
790,0.592449529787086,0.0833409428860302,1.28314954590487,"Patel (2014)"
791,0.0552945049448219,-0.214045789874962,0.0164518214113663,"Patel (2014)"
792,0.330881349842311,-0.0655541135019618,0.7169773879527,"Patel (2014)"
793,0.037357549821684,0.0928836512941583,0.464955437793255,"Patel (2014)"
794,0.232496186990706,-0.0244836136596973,0.578139691594845,"Patel (2014)"
795,-0.025299710332706,-0.0764823657250458,0.0455224502837743,"Patel (2014)"
796,0.374036650194718,-0.0051726738925521,0.527778276923914,"Patel (2014)"
797,-0.0435897599483238,-0.156466712636351,-0.133978973528914,"Patel (2014)"
798,0.192842643015768,-0.10180863043258,0.44050698339411,"Patel (2014)"
799,0.313339827740704,0.107925161290101,0.617872010689476,"Patel (2014)"
800,-0.155843235084994,-0.120307911494502,-0.0978967662792675,"Patel (2014)"
801,0.141217040017047,0.144603590112652,0.327727658652505,"Patel (2014)"
802,0.21041698820579,0.116812518914277,0.320135860096179,"Patel (2014)"
803,0.136184174143301,0.188546964348232,0.15207101902234,"Patel (2014)"
804,-0.0900166339081125,-0.0900010623579812,0.167214650727043,"Patel (2014)"
805,-0.093087193763123,-0.145627866719542,0.203693813570048,"Patel (2014)"
806,0.192116618975952,-0.140017732617371,0.476844862728603,"Patel (2014)"
807,0.310970231325089,0.242772526468843,0.385853379994869,"Patel (2014)"
808,0.286527500431731,-0.105436814618034,0.277333272318592,"Patel (2014)"
809,-0.185004768914547,-0.196787938087884,-0.356428174803317,"Patel (2014)"
810,0.177667347102107,-0.0330909185580384,0.511649799866096,"Patel (2014)"
811,0.213672068882578,0.109632597161708,0.177485740536444,"Patel (2014)"
812,0.0331459732169772,0.0547893979444544,0.0264144700625731,"Patel (2014)"
813,0.0360126691388883,0.140141668761856,-0.158272916034079,"Patel (2014)"
814,0.285545568068007,0.00814828145210594,0.467461328399152,"Patel (2014)"
815,0.489938325854505,-0.144929735003079,0.920328476858233,"Patel (2014)"
816,0.237459431497251,0.00227583160831252,0.364446789687913,"Patel (2014)"
817,-0.188112345172154,-0.210516945941471,0.0183353568238835,"Patel (2014)"
818,0.206748675924265,-0.00742739489055272,0.155134922125243,"Patel (2014)"
819,0.223223279254148,0.0267057347297798,0.646113749103898,"Patel (2014)"
820,0.231072535773902,0.0046426840592052,0.381980492092495,"Patel (2014)"
821,0.0752049159271578,-0.0474928381538025,-0.112283038626976,"Patel (2014)"
822,0.0283210187521571,-0.178062796980447,-0.0467988061787906,"Patel (2014)"
823,0.0381455248870025,0.294298862862097,0.246976570983839,"Patel (2014)"
824,0.220168607982904,0.105204181789355,0.252642881206464,"Patel (2014)"
825,0.109366064656225,0.121100143259688,0.246473082388491,"Patel (2014)"
826,-0.120499488537824,-0.0767843926730611,0.382740992774463,"Patel (2014)"
827,0.0697867104664454,0.175764648659039,0.301999488596603,"Patel (2014)"
828,-0.087931988942707,-0.176790309997076,-0.183141552842317,"Patel (2014)"
829,-0.20381624922234,0.366232216205126,-0.122479248906306,"Patel (2014)"
830,0.559665762921988,0.144296368795103,0.582689003078899,"Patel (2014)"
831,-0.0448351921234777,0.0113076594167682,0.106138551076211,"Patel (2014)"
832,0.0010887033770709,-0.162671967714271,0.157477691421632,"Patel (2014)"
833,-0.110995646844252,-0.143322637516091,-0.244654707310721,"Patel (2014)"
834,0.122983823568583,0.0654176079531803,0.555418045416289,"Patel (2014)"
835,0.0429904127070592,0.434198095928955,0.101757727502229,"Patel (2014)"
836,-0.104486168906594,-0.21450104899848,-0.112050615143234,"Patel (2014)"
837,-0.0519169952688324,-0.15020425296379,-0.037638737355896,"Patel (2014)"
838,-0.139584626582448,-0.0898163679945374,-0.0953743854147534,"Patel (2014)"
839,0.534346113422434,0.178162808741219,0.948126086638132,"Patel (2014)"
840,-0.121126391955496,-0.183715022107231,-0.19037850998006,"Patel (2014)"
841,0.258026923827656,-0.126786573400417,0.550197876316151,"Patel (2014)"
842,0.209939911893977,0.391148832726747,0.173129958497011,"Patel (2014)"
843,-0.0321343240942602,-0.102876831924587,0.142855057607071,"Patel (2014)"
844,0.389629610230931,0.0972772926839469,0.587704021598135,"Patel (2014)"
845,-0.0584568682546358,-0.172679971275919,0.184155171203804,"Patel (2014)"
846,-0.0750474683467321,0.119142987807838,0.150639379859323,"Patel (2014)"
847,0.365617838463557,-0.196258312463563,0.453632609856745,"Patel (2014)"
848,0.177136062464357,-0.0495477586181059,-0.142974732078901,"Patel (2014)"
849,0.210259188390933,0.0694116846676143,0.371837124887726,"Patel (2014)"
850,0.537339007526166,-0.09877178362179,0.970236531713613,"Patel (2014)"
851,0.235016826056353,0.0179245609593061,0.364632270122541,"Patel (2014)"
852,0.193270680231514,-0.0957082544137854,0.411294931009675,"Patel (2014)"
853,0.0578673551806607,-0.181541689501071,0.644467446824094,"Patel (2014)"
854,0.0564625038790435,0.280553742282481,-0.00709752813267561,"Patel (2014)"
855,0.273004517249038,0.133734991862635,0.521149989213141,"Patel (2014)"
856,-0.00865905336183473,-0.130968080830542,0.0532686805920526,"Patel (2014)"
857,0.0335623126582517,-0.0931257776043596,0.0188210777265745,"Patel (2014)"
858,-0.0798119848991381,-0.149092200764462,-0.063517874259627,"Patel (2014)"
859,0.330804533013852,-0.0286922556532942,0.100511109379292,"Patel (2014)"
860,0.411052626406878,0.0994909069976721,0.769065283938691,"Patel (2014)"
861,0.0266353315364821,-0.0541241042238402,0.330218366221879,"Patel (2014)"
862,0.352330669979749,-0.0464188580164036,0.952206060513684,"Patel (2014)"
863,0.191956177053486,-0.0435456836698723,0.568509013735609,"Patel (2014)"
864,0.105772887360078,-0.10324685619611,0.592686926938911,"Patel (2014)"
865,0.364498351625779,0.187599576295201,0.984715795173832,"Patel (2014)"
866,0.0482042770022457,-0.0545637353027815,0.496757585981279,"Patel (2014)"
867,0.243570740402419,0.161002578477108,1.02132619004251,"Patel (2014)"
868,0.143400822313833,0.0603886173703557,0.788947903193027,"Patel (2014)"
869,0.397335607073071,-0.0149034630857394,1.17760738460168,"Patel (2014)"
870,0.0688570208711252,0.164176423639734,0.729430669611135,"Patel (2014)"
871,0.0109265195123327,-0.143061228011225,0.0594728796638485,"Patel (2014)"
